wanr,waid,classid,sdauftragsnr,sdpositionsnr,sdmaterialnr,kcauftragsnr,kcposnr,pspelement,posnr,dnval,Rohrlaenge,rohrquali,Rohranfang,Rohrende,strdeleid,ElemDN,AnMuffenStutzenMaschine,Rohrdurchmesser,AnzahlRohre,beschbez,WN-Stutzen,Rohrstutzen,Sche./Bo./Bl.,"handschw. Muff./Nippel",Bögen,Redu./Einzieh.,Flachflansch
91166,677325,StrangrohrData,996294,40,400010,4200389167,40,10340540000,TH81,32,3406,"DINEN10217-1-Fe -glatt",Nut,Nut,NULL,0,0,32,1,-,0,0,0,1,0,0,0
91381,679842,StrangrohrData,999810,10,400010,4200391040,10,10346660000,V24,50,3997,"DINEN10217-1-Fe -glatt",Nut,Nut,NULL,0,0,50,2,-,0,0,0,0,0,0,0
91381,679843,StrangrohrData,999810,10,400010,4200391040,10,10346660000,V26,50,748,"DINEN10217-1-Fe -glatt",Nut,Nut,NULL,0,0,50,1,-,0,0,0,0,0,0,0
91381,679844,StrangrohrData,999810,10,400010,4200391040,10,10346660000,V27,50,4751,"DINEN10217-1-Fe -glatt",Nut,Nut,NULL,0,0,50,2,-,0,0,0,0,0,0,0
91381,679845,StrangrohrData,999810,10,400010,4200391040,10,10346660000,V35,50,5035,"DINEN10217-1-Fe -glatt",Nut,Nut,NULL,0,0,50,1,-,0,0,0,0,0,0,0
91381,679846,StrangrohrData,999810,10,400010,4200391040,10,10346660000,V36,50,4284,"DINEN10217-1-Fe -glatt",Nut,Nut,NULL,0,0,50,1,-,0,0,0,0,0,0,0
91381,679847,StrangrohrData,999810,10,400010,4200391040,10,10346660000,V37,50,336,"DINEN10217-1-Fe -glatt",Nut,Nut,NULL,0,0,50,2,-,0,0,0,0,0,0,0
155601,662325,StrangrohrData,975591,30,400020,4200378339,30,10343120000,CS6,40,6797,"DINEN10217-1-Fe -glatt",Nut,Nut,"RobbiMuffe (6)",10,90,40,18,-,0,0,0,0,0,0,0
155601,662326,StrangrohrData,975591,30,400020,4200378339,30,10343120000,CS7,40,6797,"DINEN10217-1-Fe -glatt",Nut,Nut,"RobbiMuffe (6)",10,90,40,18,-,0,0,0,0,0,0,0
155602,662327,StrangrohrData,975591,40,400020,4200378339,40,10343120000,CS12,40,6278,"DINEN10217-1-Fe -glatt",Nut,Nut,"RobbiMuffe (6)",10,90,40,18,-,0,0,0,0,0,0,0
155602,662328,StrangrohrData,975591,40,400020,4200378339,40,10343120000,CS13,40,6278,"DINEN10217-1-Fe -glatt",Nut,Nut,"RobbiMuffe (6)",10,90,40,18,-,0,0,0,0,0,0,0
156076,669075,StrangrohrData,986279,30,400020,4200383715,30,10340540000,BS2,32,9317,"DINEN10217-1-Fe -glatt",Nut,Nut,"RobbiMuffe (6)",15,720,32,72,-,0,0,0,0,0,0,0
156077,669076,StrangrohrData,986279,40,400020,4200383715,40,10340540000,KOA2,32,9317,"DINEN10217-1-Fe -glatt",Nut,Nut,"RobbiMuffe (6)",15,96,32,24,-,0,0,0,0,0,0,0
156077,669077,StrangrohrData,986279,40,400020,4200383715,40,10340540000,KOM2,32,9317,"DINEN10217-1-Fe -glatt",Nut,Nut,"RobbiMuffe (6)",15,48,32,12,-,0,0,0,0,0,0,0
156078,669078,StrangrohrData,986279,50,400020,4200383715,50,10340540000,BS6,32,9317,"DINEN10217-1-Fe -glatt",Nut,Nut,"RobbiMuffe (6)",15,120,32,12,-,12,0,0,0,0,0,0
156078,669079,StrangrohrData,986279,50,400020,4200383715,50,10340540000,BS7,32,9317,"DINEN10217-1-Fe -glatt",Nut,Nut,"RobbiMuffe (6)",15,120,32,12,-,12,0,0,0,0,0,0
156079,669080,StrangrohrData,986279,60,400020,4200383715,60,10340540000,KOA3,32,9317,"DINEN10217-1-Fe -glatt",Nut,Nut,"RobbiMuffe (6)",15,16,32,4,-,4,0,0,0,0,0,0
156079,669081,StrangrohrData,986279,60,400020,4200383715,60,10340540000,KOA6,32,9317,"DINEN10217-1-Fe -glatt",Nut,Nut,"RobbiMuffe (6)",15,16,32,4,-,4,0,0,0,0,0,0
156079,669082,StrangrohrData,986279,60,400020,4200383715,60,10340540000,KOM3,32,9317,"DINEN10217-1-Fe -glatt",Nut,Nut,"RobbiMuffe (6)",15,16,32,4,-,4,0,0,0,0,0,0
156080,669083,StrangrohrData,986279,70,400020,4200383715,70,10340540000,BS3,32,9317,"DINEN10217-1-Fe -glatt",Nut,Nut,"RobbiMuffe (6)",15,320,32,40,-,40,0,0,0,0,0,0
156080,669084,StrangrohrData,986279,70,400020,4200383715,70,10340540000,BS4,32,9317,"DINEN10217-1-Fe -glatt",Nut,Nut,"RobbiMuffe (6)",15,192,32,24,-,24,0,0,0,0,0,0
156080,669085,StrangrohrData,986279,70,400020,4200383715,70,10340540000,BS5,32,9317,"DINEN10217-1-Fe -glatt",Nut,Nut,"RobbiMuffe (6)",15,320,32,40,-,40,0,0,0,0,0,0
156252,672025,StrangrohrData,989470,30,400020,4200385420,30,10340540000,2KO3,32,5638,"DINEN10217-1-Fe -glatt",Nut,Nut,"RobbiMuffe (6)",15,36,32,18,-,0,0,0,0,0,0,0
156252,672026,StrangrohrData,989470,30,400020,4200385420,30,10340540000,2KO4,32,5638,"DINEN10217-1-Fe -glatt",Nut,Nut,"RobbiMuffe (6)",15,36,32,18,-,0,0,0,0,0,0,0
156252,672027,StrangrohrData,989470,30,400020,4200385420,30,10340540000,2KO5,32,5638,"DINEN10217-1-Fe -glatt",Nut,Nut,"RobbiMuffe (6)",15,54,32,18,-,0,0,0,0,0,0,0
156253,672028,StrangrohrData,989470,40,400020,4200385420,40,10340540000,DO1,32,5638,"DINEN10217-1-Fe -glatt",Nut,Nut,"RobbiMuffe (6)",15,432,32,72,-,0,0,0,0,0,0,0
156254,672029,StrangrohrData,989470,50,400020,4200385420,50,10340540000,DO2,32,5638,"DINEN10217-1-Fe -glatt",Nut,Nut,"RobbiMuffe (6)",15,18,32,3,-,3,0,0,0,0,0,0
156254,672030,StrangrohrData,989470,50,400020,4200385420,50,10340540000,DO3,32,5638,"DINEN10217-1-Fe -glatt",Nut,Nut,"RobbiMuffe (6)",15,18,32,3,-,3,0,0,0,0,0,0
156254,672031,StrangrohrData,989470,50,400020,4200385420,50,10340540000,DO4,32,5638,"DINEN10217-1-Fe -glatt",Nut,Nut,"RobbiMuffe (6)",15,36,32,6,-,6,0,0,0,0,0,0
156255,672032,StrangrohrData,989470,60,400020,4200385420,60,10340540000,2KO7,32,5638,"DINEN10217-1-Fe -glatt",Nut,Nut,"RobbiMuffe (6)",15,6,32,3,-,3,0,0,0,0,0,0
156255,672033,StrangrohrData,989470,60,400020,4200385420,60,10340540000,2KO11,32,5638,"DINEN10217-1-Fe -glatt",Nut,Nut,"RobbiMuffe (6)",15,6,32,3,-,3,0,0,0,0,0,0
156255,672034,StrangrohrData,989470,60,400020,4200385420,60,10340540000,2KO12,32,5638,"DINEN10217-1-Fe -glatt",Nut,Nut,"RobbiMuffe (6)",15,6,32,3,-,3,0,0,0,0,0,0
156256,672035,StrangrohrData,989470,70,400020,4200385420,70,10340540000,AS4,32,5638,"DINEN10217-1-Fe -glatt",Nut,Nut,"RobbiMuffe (6)",15,132,32,33,-,33,0,0,0,0,0,0
156257,672036,StrangrohrData,989470,80,400020,4200385420,80,10340540000,AS3,32,5638,"DINEN10217-1-Fe -glatt",Nut,Nut,"RobbiMuffe (6)",15,72,32,18,-,18,0,0,0,0,0,0
156258,672037,StrangrohrData,989470,90,400020,4200385420,90,10340540000,AS2,32,5638,"DINEN10217-1-Fe -glatt",Nut,Nut,"RobbiMuffe (6)",15,132,32,33,-,33,0,0,0,0,0,0
156328,673026,StrangrohrData,990353,30,400020,4200385947,30,10340540000,4PKO5,40,9317,"DINEN10217-1-Fe -glatt",Nut,Nut,"RobbiMuffe (6)",15,8,40,2,-,2,0,0,0,0,0,0
156328,673027,StrangrohrData,990353,30,400020,4200385947,30,10340540000,4PKO6,40,9317,"DINEN10217-1-Fe -glatt",Nut,Nut,"RobbiMuffe (6)",15,8,40,2,-,2,0,0,0,0,0,0
156330,673031,StrangrohrData,990353,50,400020,4200385947,50,10340540000,BS2.3,32,9662,"DINEN10217-1-Fe -glatt",Nut,Nut,"RobbiMuffe (6)",15,20,32,2,-,0,0,0,2,0,0,0
156330,673032,StrangrohrData,990353,50,400020,4200385947,50,10340540000,BS2.5,32,9317,"DINEN10217-1-Fe -glatt",Nut,Nut,"RobbiMuffe (6)",15,60,32,6,-,6,0,0,0,0,0,0
156331,673033,StrangrohrData,990353,60,400020,4200385947,60,10340540000,BS1.6,32,9317,"DINEN10217-1-Fe -glatt",Nut,Nut,"RobbiMuffe (6)",15,160,32,20,-,20,0,0,0,0,0,0
156331,673034,StrangrohrData,990353,60,400020,4200385947,60,10340540000,BS1.7,32,9317,"DINEN10217-1-Fe -glatt",Nut,Nut,"RobbiMuffe (6)",15,16,32,2,-,2,0,0,0,0,0,0
156334,673040,StrangrohrData,990353,90,400020,4200385947,90,10340540000,4PAK1,32,9340,"DINEN10217-1-Fe -glatt",Nut,Nut,"RobbiMuffe (6)",15,80,32,10,-,0,0,0,0,0,0,0
156334,673041,StrangrohrData,990353,90,400020,4200385947,90,10340540000,4PAK2,32,9340,"DINEN10217-1-Fe -glatt",Nut,Nut,"RobbiMuffe (6)",15,10,32,1,-,0,0,0,0,0,0,0
156334,673042,StrangrohrData,990353,90,400020,4200385947,90,10340540000,4PAK3,32,9338,"DINEN10217-1-Fe -glatt",Nut,Nut,"RobbiMuffe (6)",15,70,32,10,-,0,0,0,10,0,0,0
156334,673043,StrangrohrData,990353,90,400020,4200385947,90,10340540000,4PAK4,32,9338,"DINEN10217-1-Fe -glatt",Nut,Nut,"RobbiMuffe (6)",15,8,32,1,-,0,0,0,2,0,0,0
156335,673044,StrangrohrData,990353,100,400020,4200385947,100,10340540000,4PAV2,32,9317,"DINEN10217-1-Fe -glatt",Nut,Nut,"RobbiMuffe gek(7)",25,160,32,20,-,0,0,0,0,0,0,0
156335,673045,StrangrohrData,990353,100,400020,4200385947,100,10340540000,4PAV4,32,9317,"DINEN10217-1-Fe -glatt",Nut,Nut,"RobbiMuffe gek(7)",25,20,32,2,-,0,0,0,0,0,0,0
156335,673046,StrangrohrData,990353,100,400020,4200385947,100,10340540000,4PAV5,32,9097,"DINEN10217-1-Fe -glatt",Nut,Nut,"RobbiMuffe gek(7)",25,80,32,10,-,0,0,0,0,0,0,0
156335,673047,StrangrohrData,990353,100,400020,4200385947,100,10340540000,4PAV6,32,9097,"DINEN10217-1-Fe -glatt",Nut,Nut,"RobbiMuffe gek(7)",25,9,32,1,-,0,0,0,0,0,0,0
156336,673048,StrangrohrData,990353,110,400020,4200385947,110,10340540000,4PAV1,32,10916,"DINEN10217-1-Fe -glatt",Scheibe,Nut,"RobbiMuffe gek(7)",25,100,32,10,-,10,0,10,0,0,0,0
156336,673049,StrangrohrData,990353,110,400020,4200385947,110,10340540000,4PAV3,32,9662,"DINEN10217-1-Fe -glatt",Nut,Nut,"RobbiMuffe gek(7)",25,10,32,1,-,0,0,0,1,0,0,0
156354,673353,StrangrohrData,990672,40,400020,4200386128,40,10335890000,5,32,5498,"DINEN10217-1-Fe -glatt",Nut,Nut,"RobbiMuffe (6)",15,18,32,9,-,0,0,0,0,0,0,0
156354,673354,StrangrohrData,990672,40,400020,4200386128,40,10335890000,6,32,3147,"DINEN10217-1-Fe -glatt",Scheibe,Nut,"RobbiMuffe (6)",15,28,32,14,-,0,0,14,0,0,0,0
156354,673355,StrangrohrData,990672,40,400020,4200386128,40,10335890000,12,32,5498,"DINEN10217-1-Fe -glatt",Nut,Nut,"RobbiMuffe (6)",15,10,32,5,-,0,0,0,0,0,0,0
156354,673356,StrangrohrData,990672,40,400020,4200386128,40,10335890000,22,32,5498,"DINEN10217-1-Fe -glatt",Nut,Nut,"RobbiMuffe (6)",15,2,32,1,-,0,0,0,0,0,0,0
156354,673357,StrangrohrData,990672,40,400020,4200386128,40,10335890000,23,32,5498,"DINEN10217-1-Fe -glatt",Nut,Nut,"RobbiMuffe (6)",15,6,32,2,-,0,0,0,0,0,0,0
156354,673358,StrangrohrData,990672,40,400020,4200386128,40,10335890000,24,32,5181,"DINEN10217-1-Fe -glatt",Nut,Nut,"RobbiMuffe (6)",15,2,32,1,-,0,0,0,0,0,0,0
156354,673359,StrangrohrData,990672,40,400020,4200386128,40,10335890000,25,32,5847,"DINEN10217-1-Fe -glatt",Scheibe,Nut,"RobbiMuffe (6)",15,3,32,1,-,0,0,1,0,0,0,0
156354,673360,StrangrohrData,990672,40,400020,4200386128,40,10335890000,27,32,3147,"DINEN10217-1-Fe -glatt",Scheibe,Nut,"RobbiMuffe (6)",15,2,32,1,-,0,0,1,0,0,0,0
156354,673361,StrangrohrData,990672,40,400020,4200386128,40,10335890000,28,32,3147,"DINEN10217-1-Fe -glatt",Scheibe,Nut,"RobbiMuffe (6)",15,4,32,2,-,0,0,2,0,0,0,0
156354,673362,StrangrohrData,990672,40,400020,4200386128,40,10335890000,34,32,5998,"DINEN10217-1-Fe -glatt",Nut,Nut,"RobbiMuffe (6)",15,8,32,4,-,0,0,0,0,0,0,0
156354,673363,StrangrohrData,990672,40,400020,4200386128,40,10335890000,35,32,5347,"DINEN10217-1-Fe -glatt",Scheibe,Nut,"RobbiMuffe (6)",15,10,32,5,-,0,0,5,0,0,0,0
156354,673364,StrangrohrData,990672,40,400020,4200386128,40,10335890000,36,32,5433,"DINEN10217-1-Fe -glatt",Nut,Nut,"RobbiMuffe (6)",15,2,32,1,-,0,0,0,0,0,0,0
156354,673365,StrangrohrData,990672,40,400020,4200386128,40,10335890000,38,32,5998,"DINEN10217-1-Fe -glatt",Nut,Nut,"RobbiMuffe (6)",15,8,32,4,-,0,0,0,0,0,0,0
156354,673366,StrangrohrData,990672,40,400020,4200386128,40,10335890000,40,32,2212,"DINEN10217-1-Fe -glatt",Scheibe,Nut,"RobbiMuffe (6)",15,1,32,1,-,0,0,1,0,0,0,0
156354,673367,StrangrohrData,990672,40,400020,4200386128,40,10335890000,42,32,1747,"DINEN10217-1-Fe -glatt",Scheibe,Nut,"RobbiMuffe (6)",15,3,32,3,-,0,0,3,0,0,0,0
156354,673368,StrangrohrData,990672,40,400020,4200386128,40,10335890000,48,32,3740,"DINEN10217-1-Fe -glatt",Nut,Nut,"RobbiMuffe (6)",15,2,32,1,-,0,0,0,0,0,0,0
156354,673369,StrangrohrData,990672,40,400020,4200386128,40,10335890000,49,32,3904,"DINEN10217-1-Fe -glatt",Scheibe,Nut,"RobbiMuffe (6)",15,6,32,3,-,0,0,3,0,0,0,0
156354,673370,StrangrohrData,990672,40,400020,4200386128,40,10335890000,50,32,3455,"DINEN10217-1-Fe -glatt",Scheibe,Nut,"RobbiMuffe (6)",15,2,32,1,-,0,0,1,0,0,0,0
156354,673371,StrangrohrData,990672,40,400020,4200386128,40,10335890000,51,32,3442,"DINEN10217-1-Fe -glatt",Scheibe,Nut,"RobbiMuffe (6)",15,2,32,1,-,0,0,1,0,0,0,0
156354,673372,StrangrohrData,990672,40,400020,4200386128,40,10335890000,52,32,5232,"DINEN10217-1-Fe -glatt",Scheibe,Nut,"RobbiMuffe (6)",15,2,32,1,-,0,0,1,0,0,0,0
156354,673373,StrangrohrData,990672,40,400020,4200386128,40,10335890000,55,32,5998,"DINEN10217-1-Fe -glatt",Nut,Nut,"RobbiMuffe (6)",15,4,32,2,-,0,0,0,0,0,0,0
156354,673374,StrangrohrData,990672,40,400020,4200386128,40,10335890000,56,32,2975,"DINEN10217-1-Fe -glatt",Scheibe,Nut,"RobbiMuffe (6)",15,1,32,1,-,0,0,1,0,0,0,0
156354,673375,StrangrohrData,990672,40,400020,4200386128,40,10335890000,58,32,5504,"DINEN10217-1-Fe -glatt",Scheibe,Nut,"RobbiMuffe (6)",15,6,32,2,-,0,0,2,0,0,0,0
156354,673376,StrangrohrData,990672,40,400020,4200386128,40,10335890000,59,32,5392,"DINEN10217-1-Fe -glatt",Scheibe,Nut,"RobbiMuffe (6)",15,6,32,2,-,0,0,2,0,0,0,0
156354,673377,StrangrohrData,990672,40,400020,4200386128,40,10335890000,60,32,5113,"DINEN10217-1-Fe -glatt",Scheibe,Nut,"RobbiMuffe (6)",15,6,32,2,-,0,0,2,0,0,0,0
156354,673378,StrangrohrData,990672,40,400020,4200386128,40,10335890000,61,32,4668,"DINEN10217-1-Fe -glatt",Scheibe,Nut,"RobbiMuffe (6)",15,6,32,2,-,0,0,2,0,0,0,0
156354,673379,StrangrohrData,990672,40,400020,4200386128,40,10335890000,62,32,3949,"DINEN10217-1-Fe -glatt",Scheibe,Nut,"RobbiMuffe (6)",15,6,32,3,-,0,0,3,0,0,0,0
156354,673380,StrangrohrData,990672,40,400020,4200386128,40,10335890000,63,32,2021,"DINEN10217-1-Fe -glatt",Scheibe,Nut,"RobbiMuffe (6)",15,1,32,1,-,0,0,1,0,0,0,0
156354,673381,StrangrohrData,990672,40,400020,4200386128,40,10335890000,99,32,4090,"DINEN10217-1-Fe -glatt",Scheibe,Nut,"RobbiMuffe (6)",15,4,32,2,-,0,0,2,0,0,0,0
156354,673382,StrangrohrData,990672,40,400020,4200386128,40,10335890000,100,32,6897,"DINEN10217-1-Fe -glatt",Nut,Nut,"RobbiMuffe (6)",15,8,32,4,-,0,0,0,0,0,0,0
156355,673383,StrangrohrData,990672,50,400020,4200386128,50,10335890000,32,50,5998,"DINEN10217-1-Fe -glatt",Nut,Nut,"RobbiMuffe (6)",25,2,50,1,-,0,0,0,0,0,0,0
156355,673384,StrangrohrData,990672,50,400020,4200386128,50,10335890000,33,50,4544,"DINEN10217-1-Fe -glatt",Scheibe,Nut,"RobbiMuffe (6)",25,2,50,1,-,0,0,1,0,0,0,0
156356,673385,StrangrohrData,990672,60,400020,4200386128,60,10335890000,13,50,5998,"DINEN10217-1-Fe -glatt",Nut,Nut,"RobbiMuffe (6)",15,2,50,1,-,0,0,0,0,0,0,0
156356,673386,StrangrohrData,990672,60,400020,4200386128,60,10335890000,14,50,5998,"DINEN10217-1-Fe -glatt",Nut,Nut,"RobbiMuffe (6)",15,2,50,1,-,0,0,0,0,0,0,0
156356,673387,StrangrohrData,990672,60,400020,4200386128,60,10335890000,15,50,4354,"DINEN10217-1-Fe -glatt",Scheibe,Nut,"RobbiMuffe (6)",15,2,50,1,-,0,0,1,0,0,0,0
156356,673388,StrangrohrData,990672,60,400020,4200386128,60,10335890000,31,50,5998,"DINEN10217-1-Fe -glatt",Nut,Nut,"RobbiMuffe (6)",15,2,50,1,-,0,0,0,0,0,0,0
156356,673389,StrangrohrData,990672,60,400020,4200386128,60,10335890000,95,50,5498,"DINEN10217-1-Fe -glatt",Nut,Nut,"RobbiMuffe (6)",15,2,50,1,-,0,0,0,0,0,0,0
156356,673390,StrangrohrData,990672,60,400020,4200386128,60,10335890000,96,50,2983,"DINEN10217-1-Fe -glatt",Nut,Nut,"RobbiMuffe (6)",15,1,50,1,-,0,0,0,0,0,0,0
156356,673391,StrangrohrData,990672,60,400020,4200386128,60,10335890000,97,50,5998,"DINEN10217-1-Fe -glatt",Nut,Nut,"RobbiMuffe (6)",15,2,50,1,-,0,0,0,0,0,0,0
156356,673392,StrangrohrData,990672,60,400020,4200386128,60,10335890000,98,50,4399,"DINEN10217-1-Fe -glatt",Scheibe,Nut,"RobbiMuffe (6)",15,2,50,1,-,0,0,1,0,0,0,0
156357,673393,StrangrohrData,990672,70,400020,4200386128,70,10335890000,4,32,2547,"DINEN10217-1-Fe -glatt",Scheibe,Nut,"RobbiMuffe (6)",15,2,32,2,-,0,0,2,0,0,0,0
156357,673394,StrangrohrData,990672,70,400020,4200386128,70,10335890000,7,32,6133,"DINEN10217-1-Fe -glatt",Scheibe,Nut,"RobbiMuffe (6)",15,15,32,5,-,0,0,5,0,0,0,0
156357,673395,StrangrohrData,990672,70,400020,4200386128,70,10335890000,16,32,4994,"DINEN10217-1-Fe -glatt",Scheibe,Nut,"RobbiMuffe (6)",15,2,32,1,-,0,0,1,0,0,0,0
156357,673396,StrangrohrData,990672,70,400020,4200386128,70,10335890000,18,32,4459,"DINEN10217-1-Fe -glatt",Scheibe,Nut,"RobbiMuffe (6)",15,8,32,4,-,0,0,4,0,0,0,0
156400,673943,StrangrohrData,991348,40,400020,4200386488,40,10347220000,22,32,6000,"DINEN10217-1-Fe -glatt",Nut,Nut,"RobbiMuffe gek(7)",25,40,32,20,-,0,0,0,0,0,0,0
156400,673944,StrangrohrData,991348,40,400020,4200386488,40,10347220000,23,32,3000,"DINEN10217-1-Fe -glatt",Nut,Nut,"RobbiMuffe gek(7)",25,2,32,2,-,0,0,0,0,0,0,0
156401,673945,StrangrohrData,991348,50,400020,4200386488,50,10347220000,17,32,7497,"DINEN10217-1-Fe -glatt",Nut,Nut,"RobbiMuffe (6)",15,18,32,6,-,0,0,0,0,0,0,0
156401,673946,StrangrohrData,991348,50,400020,4200386488,50,10347220000,18,32,8348,"DINEN10217-1-Fe -glatt",Nut,Nut,"RobbiMuffe (6)",15,4,32,1,-,0,0,0,0,0,0,0
156401,673947,StrangrohrData,991348,50,400020,4200386488,50,10347220000,19,32,5849,"DINEN10217-1-Fe -glatt",Nut,Nut,"RobbiMuffe (6)",15,3,32,1,-,0,0,0,0,0,0,0
156401,673948,StrangrohrData,991348,50,400020,4200386488,50,10347220000,20,32,3000,"DINEN10217-1-Fe -glatt",Nut,Nut,"RobbiMuffe (6)",15,4,32,4,-,0,0,0,0,0,0,0
156401,673949,StrangrohrData,991348,50,400020,4200386488,50,10347220000,21,32,6000,"DINEN10217-1-Fe -glatt",Nut,Nut,"RobbiMuffe (6)",15,30,32,15,-,0,0,0,0,0,0,0
156402,673950,StrangrohrData,991348,60,400020,4200386488,60,10347220000,1,32,6663,"DINEN10217-1-Fe -glatt",Nut,Nut,"RobbiMuffe (6)",20,288,32,144,-,0,0,0,0,0,0,0
156402,673951,StrangrohrData,991348,60,400020,4200386488,60,10347220000,2,32,5796,"DINEN10217-1-Fe -glatt",Nut,Nut,"RobbiMuffe (6)",20,60,32,30,-,0,0,0,0,0,0,0
156402,673952,StrangrohrData,991348,60,400020,4200386488,60,10347220000,3,32,3165,"DINEN10217-1-Fe -glatt",Nut,Nut,"RobbiMuffe (6)",20,2,32,2,-,0,0,0,0,0,0,0
156402,673953,StrangrohrData,991348,60,400020,4200386488,60,10347220000,4,32,3322,"DINEN10217-1-Fe -glatt",Nut,Nut,"RobbiMuffe (6)",20,4,32,4,-,0,0,0,0,0,0,0
156402,673954,StrangrohrData,991348,60,400020,4200386488,60,10347220000,5,32,5796,"DINEN10217-1-Fe -glatt",Nut,Nut,"RobbiMuffe (6)",20,72,32,36,-,0,0,0,0,0,0,0
156402,673955,StrangrohrData,991348,60,400020,4200386488,60,10347220000,6,32,2490,"DINEN10217-1-Fe -glatt",Nut,Nut,"RobbiMuffe (6)",20,2,32,2,-,0,0,0,0,0,0,0
156468,675208,StrangrohrData,993205,20,400020,4200387535,20,10349800000,D1,40,4301,"DINEN10255-Fe -glatt Gewinderohr",Nut,Nut,"RobbiMuffe (6)",15,2,40,1,-,0,0,0,0,0,0,0
156468,675209,StrangrohrData,993205,20,400020,4200387535,20,10349800000,D2,40,4300,"DINEN10255-Fe -glatt Gewinderohr",Nut,Nut,"RobbiMuffe (6)",15,32,40,32,-,0,0,0,0,0,0,0
156468,675210,StrangrohrData,993205,20,400020,4200387535,20,10349800000,D3,40,4900,"DINEN10255-Fe -glatt Gewinderohr",Nut,Nut,"RobbiMuffe (6)",15,36,40,18,-,0,0,0,0,0,0,0
156468,675211,StrangrohrData,993205,20,400020,4200387535,20,10349800000,D4,40,4800,"DINEN10255-Fe -glatt Gewinderohr",Nut,Nut,"RobbiMuffe (6)",15,68,40,34,-,0,0,0,0,0,0,0
156468,675212,StrangrohrData,993205,20,400020,4200387535,20,10349800000,D5,40,4760,"DINEN10255-Fe -glatt Gewinderohr",Nut,Nut,"RobbiMuffe (6)",15,34,40,17,-,0,0,0,0,0,0,0
156468,675213,StrangrohrData,993205,20,400020,4200387535,20,10349800000,D6,40,6319,"DINEN10255-Fe -glatt Gewinderohr",Nut,Nut,"RobbiMuffe (6)",15,6,40,3,-,0,0,0,0,0,0,0
156468,675214,StrangrohrData,993205,20,400020,4200387535,20,10349800000,D7,40,7779,"DINEN10255-Fe -glatt Gewinderohr",Nut,Nut,"RobbiMuffe (6)",15,3,40,1,-,0,0,0,0,0,0,0
156468,675215,StrangrohrData,993205,20,400020,4200387535,20,10349800000,D8,40,7809,"DINEN10255-Fe -glatt Gewinderohr",Nut,Nut,"RobbiMuffe (6)",15,3,40,1,-,0,0,0,0,0,0,0
156468,675216,StrangrohrData,993205,20,400020,4200387535,20,10349800000,D9,40,6659,"DINEN10255-Fe -glatt Gewinderohr",Nut,Nut,"RobbiMuffe (6)",15,6,40,3,-,0,0,0,0,0,0,0
156468,675217,StrangrohrData,993205,20,400020,4200387535,20,10349800000,D10,40,3300,"DINEN10255-Fe -glatt Gewinderohr",Nut,Nut,"RobbiMuffe (6)",15,1,40,1,-,0,0,0,0,0,0,0
156468,675218,StrangrohrData,993205,20,400020,4200387535,20,10349800000,D11,40,1802,"DINEN10255-Fe -glatt Gewinderohr",Scheibe,Nut,"RobbiMuffe (6)",15,4,40,4,-,0,0,4,0,0,0,0
156468,675219,StrangrohrData,993205,20,400020,4200387535,20,10349800000,D12,40,1442,"DINEN10255-Fe -glatt Gewinderohr",Scheibe,Nut,"RobbiMuffe (6)",15,1,40,1,-,0,0,1,0,0,0,0
156476,675285,StrangrohrData,993232,20,400020,4200387546,20,10350100000,5,32,5442,"DINEN10217-1-Fe -glatt",Scheibe,Nut,"RobbiMuffe (6)",15,6,32,3,-,0,0,3,0,0,0,0
156476,675286,StrangrohrData,993232,20,400020,4200387546,20,10350100000,6,32,5692,"DINEN10217-1-Fe -glatt",Scheibe,Nut,"RobbiMuffe (6)",15,6,32,2,-,0,0,2,0,0,0,0
156476,675287,StrangrohrData,993232,20,400020,4200387546,20,10350100000,7,32,6066,"DINEN10217-1-Fe -glatt",Scheibe,Nut,"RobbiMuffe (6)",15,18,32,6,-,0,0,6,0,0,0,0
156476,675288,StrangrohrData,993232,20,400020,4200387546,20,10350100000,8,32,5592,"DINEN10217-1-Fe -glatt",Scheibe,Nut,"RobbiMuffe (6)",15,12,32,6,-,0,0,6,0,0,0,0
156476,675289,StrangrohrData,993232,20,400020,4200387546,20,10350100000,11,32,5742,"DINEN10217-1-Fe -glatt",Scheibe,Nut,"RobbiMuffe (6)",15,9,32,3,-,0,0,3,0,0,0,0
156478,675299,StrangrohrData,993265,20,400020,4200387566,20,70000030008,7,32,4748,"DINEN10217-1-Fe -glatt",Nut,Nut,"RobbiMuffe (6)",15,50,32,25,-,0,0,0,0,0,0,0
156478,675300,StrangrohrData,993265,20,400020,4200387566,20,70000030008,8,32,3288,"DINEN10217-1-Fe -glatt",Nut,Nut,"RobbiMuffe (6)",15,4,32,2,-,0,0,0,0,0,0,0
156478,675301,StrangrohrData,993265,20,400020,4200387566,20,70000030008,9,32,4329,"DINEN10217-1-Fe -glatt",Nut,Nut,"RobbiMuffe (6)",15,14,32,7,-,0,0,0,0,0,0,0
156479,675302,StrangrohrData,993265,30,400020,4200387566,30,70000030008,10,32,4509,"DINEN10217-1-Fe -glatt",Nut,Nut,"RobbiMuffe (6)",10,72,32,36,-,0,0,0,0,0,0,0
156479,675303,StrangrohrData,993265,30,400020,4200387566,30,70000030008,11,32,3855,"DINEN10217-1-Fe -glatt",Nut,Nut,"RobbiMuffe (6)",10,36,32,36,-,0,0,0,0,0,0,0
156479,675304,StrangrohrData,993265,30,400020,4200387566,30,70000030008,12,32,4509,"DINEN10217-1-Fe -glatt",Nut,Nut,"RobbiMuffe (6)",10,36,32,36,-,0,0,0,0,0,0,0
156479,675305,StrangrohrData,993265,30,400020,4200387566,30,70000030008,13,32,3855,"DINEN10217-1-Fe -glatt",Nut,Nut,"RobbiMuffe (6)",10,36,32,36,-,0,0,0,0,0,0,0
156479,675306,StrangrohrData,993265,30,400020,4200387566,30,70000030008,14,32,5522,"DINEN10217-1-Fe -glatt",Nut,Nut,"RobbiMuffe (6)",10,360,32,180,-,0,0,0,0,0,0,0
156479,675307,StrangrohrData,993265,30,400020,4200387566,30,70000030008,15,32,5922,"DINEN10217-1-Fe -glatt",Nut,Nut,"RobbiMuffe (6)",10,72,32,36,-,0,0,0,0,0,0,0
156479,675308,StrangrohrData,993265,30,400020,4200387566,30,70000030008,16,32,5522,"DINEN10217-1-Fe -glatt",Nut,Nut,"RobbiMuffe (6)",10,360,32,180,-,0,0,0,0,0,0,0
156479,675309,StrangrohrData,993265,30,400020,4200387566,30,70000030008,17,32,5922,"DINEN10217-1-Fe -glatt",Nut,Nut,"RobbiMuffe (6)",10,108,32,36,-,0,0,0,0,0,0,0
156518,676180,StrangrohrData,993786,390,400020,4200387841,390,10340580000,S22,32,2924,"DINEN10217-1-Fe -glatt",Scheibe,Nut,"RobbiMuffe (6)",15,1,32,1,-,0,0,1,0,0,0,0
156519,676181,StrangrohrData,993786,400,400020,4200387841,400,10340580000,1,32,3778,"DINEN10217-1-Fe -glatt",Scheibe,Nut,"RobbiMuffe (6)",15,10,32,10,-,0,0,10,0,0,0,0
156519,676182,StrangrohrData,993786,400,400020,4200387841,400,10340580000,2,32,3022,"DINEN10217-1-Fe -glatt",Nut,Nut,"RobbiMuffe (6)",15,10,32,10,-,0,0,0,0,0,0,0
156519,676183,StrangrohrData,993786,400,400020,4200387841,400,10340580000,3,32,4613,"DINEN10217-1-Fe -glatt",Scheibe,Nut,"RobbiMuffe (6)",15,10,32,5,-,0,0,5,0,0,0,0
156519,676184,StrangrohrData,993786,400,400020,4200387841,400,10340580000,4,32,3950,"DINEN10217-1-Fe -glatt",Nut,Nut,"RobbiMuffe (6)",15,3,32,3,-,0,0,0,0,0,0,0
156519,676185,StrangrohrData,993786,400,400020,4200387841,400,10340580000,5,32,4025,"DINEN10217-1-Fe -glatt",Scheibe,Nut,"RobbiMuffe (6)",15,6,32,3,-,0,0,3,0,0,0,0
156519,676186,StrangrohrData,993786,400,400020,4200387841,400,10340580000,1A,32,3359,"DINEN10217-1-Fe -glatt",Scheibe,Nut,"RobbiMuffe (6)",15,2,32,1,-,0,0,1,0,0,0,0
156519,676187,StrangrohrData,993786,400,400020,4200387841,400,10340580000,1B,32,2687,"DINEN10217-1-Fe -glatt",Nut,Nut,"RobbiMuffe (6)",15,1,32,1,-,0,0,0,0,0,0,0
156519,676188,StrangrohrData,993786,400,400020,4200387841,400,10340580000,4A,32,6000,"DINEN10217-1-Fe -glatt",Scheibe,Nut,"RobbiMuffe (6)",15,12,32,4,-,0,0,4,0,0,0,0
156519,676189,StrangrohrData,993786,400,400020,4200387841,400,10340580000,4B,32,6000,"DINEN10217-1-Fe -glatt",Scheibe,Nut,"RobbiMuffe (6)",15,3,32,1,-,0,0,1,0,0,0,0
156520,676190,StrangrohrData,993786,410,400020,4200387841,410,10340580000,S6,32,3712,"DINEN10217-1-Fe -glatt",Scheibe,Nut,"RobbiMuffe (6)",15,8,32,4,-,0,0,4,0,0,0,0
156520,676191,StrangrohrData,993786,410,400020,4200387841,410,10340580000,S7,32,6000,"DINEN10217-1-Fe -glatt",Nut,Nut,"RobbiMuffe (6)",15,4,32,4,-,0,0,0,0,0,0,0
156520,676192,StrangrohrData,993786,410,400020,4200387841,410,10340580000,S8,32,5598,"DINEN10217-1-Fe -glatt",Scheibe,Nut,"RobbiMuffe (6)",15,8,32,4,-,0,0,4,0,0,0,0
156520,676193,StrangrohrData,993786,410,400020,4200387841,410,10340580000,S10,32,5472,"DINEN10217-1-Fe -glatt",Scheibe,Nut,"RobbiMuffe (6)",15,4,32,2,-,0,0,2,0,0,0,0
156520,676194,StrangrohrData,993786,410,400020,4200387841,410,10340580000,S11,32,3609,"DINEN10217-1-Fe -glatt",Scheibe,Nut,"RobbiMuffe (6)",15,2,32,1,-,0,0,1,0,0,0,0
156520,676195,StrangrohrData,993786,410,400020,4200387841,410,10340580000,S12,32,6000,"DINEN10217-1-Fe -glatt",Nut,Nut,"RobbiMuffe (6)",15,24,32,12,-,0,0,0,0,0,0,0
156520,676196,StrangrohrData,993786,410,400020,4200387841,410,10340580000,S13,32,3508,"DINEN10217-1-Fe -glatt",Scheibe,Nut,"RobbiMuffe (6)",15,12,32,12,-,0,0,12,0,0,0,0
156520,676197,StrangrohrData,993786,410,400020,4200387841,410,10340580000,S16,32,2994,"DINEN10217-1-Fe -glatt",Scheibe,Nut,"RobbiMuffe (6)",15,3,32,3,-,0,0,3,0,0,0,0
156520,676198,StrangrohrData,993786,410,400020,4200387841,410,10340580000,S17,32,2833,"DINEN10217-1-Fe -glatt",Scheibe,Nut,"RobbiMuffe (6)",15,1,32,1,-,0,0,1,0,0,0,0
156520,676199,StrangrohrData,993786,410,400020,4200387841,410,10340580000,S18,32,3575,"DINEN10217-1-Fe -glatt",Scheibe,Nut,"RobbiMuffe (6)",15,2,32,1,-,0,0,1,0,0,0,0
156521,676200,StrangrohrData,993786,420,400020,4200387841,420,10340580000,S19,32,2500,"DINEN10217-1-Fe -glatt",Nut,Nut,"RobbiMuffe gek(7)",25,2,32,2,-,0,0,0,0,0,0,0
156522,676256,StrangrohrData,993995,30,400020,4200387928,30,10344800000,220,40,3734,"DINEN10217-1-Fe -glatt",Scheibe,Nut,"RobbiMuffe (6)",15,2,40,1,-,0,0,1,0,0,0,0
156522,676257,StrangrohrData,993995,30,400020,4200387928,30,10344800000,221,40,4091,"DINEN10217-1-Fe -glatt",Nut,Nut,"RobbiMuffe (6)",15,2,40,1,-,0,0,0,0,0,0,0
156522,676258,StrangrohrData,993995,30,400020,4200387928,30,10344800000,222,40,4412,"DINEN10217-1-Fe -glatt",Scheibe,Nut,"RobbiMuffe (6)",15,20,40,10,-,0,0,10,0,0,0,0
156522,676259,StrangrohrData,993995,30,400020,4200387928,30,10344800000,223,40,7136,"DINEN10217-1-Fe -glatt",Nut,Nut,"RobbiMuffe (6)",15,36,40,12,-,0,0,0,0,0,0,0
156522,676260,StrangrohrData,993995,30,400020,4200387928,30,10344800000,224,40,2846,"DINEN10217-1-Fe -glatt",Scheibe,Nut,"RobbiMuffe (6)",15,22,40,11,-,0,0,11,0,0,0,0
156522,676261,StrangrohrData,993995,30,400020,4200387928,30,10344800000,225,40,7902,"DINEN10217-1-Fe -glatt",Nut,Nut,"RobbiMuffe (6)",15,30,40,10,-,0,0,0,0,0,0,0
156522,676262,StrangrohrData,993995,30,400020,4200387928,30,10344800000,226,40,5598,"DINEN10217-1-Fe -glatt",Nut,Nut,"RobbiMuffe (6)",15,92,40,46,-,0,0,0,0,0,0,0
156522,676263,StrangrohrData,993995,30,400020,4200387928,30,10344800000,227,40,6397,"DINEN10217-1-Fe -glatt",Nut,Nut,"RobbiMuffe (6)",15,108,40,36,-,0,0,0,0,0,0,0
156522,676264,StrangrohrData,993995,30,400020,4200387928,30,10344800000,228,40,5998,"DINEN10217-1-Fe -glatt",Nut,Nut,"RobbiMuffe (6)",15,36,40,12,-,0,0,0,0,0,0,0
156522,676265,StrangrohrData,993995,30,400020,4200387928,30,10344800000,229,40,4398,"DINEN10217-1-Fe -glatt",Nut,Nut,"RobbiMuffe (6)",15,20,40,10,-,0,0,0,0,0,0,0
156522,676266,StrangrohrData,993995,30,400020,4200387928,30,10344800000,230,40,7357,"DINEN10217-1-Fe -glatt",Nut,Nut,"RobbiMuffe (6)",15,3,40,1,-,0,0,0,0,0,0,0
156522,676267,StrangrohrData,993995,30,400020,4200387928,30,10344800000,231,40,7357,"DINEN10217-1-Fe -glatt",Nut,Nut,"RobbiMuffe (6)",15,27,40,9,-,0,0,0,0,0,0,0
156522,676268,StrangrohrData,993995,30,400020,4200387928,30,10344800000,234,40,7902,"DINEN10217-1-Fe -glatt",Nut,Nut,"RobbiMuffe (6)",15,8,40,2,-,0,0,0,0,0,0,0
156522,676269,StrangrohrData,993995,30,400020,4200387928,30,10344800000,235,40,1512,"DINEN10217-1-Fe -glatt",Scheibe,Nut,"RobbiMuffe (6)",15,2,40,2,-,0,0,2,0,0,0,0
156523,676270,StrangrohrData,993995,40,400020,4200387928,40,10344800000,218,50,5753,"DINEN10217-1-Fe -glatt",Nut,Nut,"RobbiMuffe (6)",15,2,50,1,-,0,0,0,0,0,0,0
156523,676271,StrangrohrData,993995,40,400020,4200387928,40,10344800000,232,50,7357,"DINEN10217-1-Fe -glatt",Nut,Nut,"RobbiMuffe (6)",15,3,50,1,-,0,0,0,0,0,0,0
156524,676295,StrangrohrData,993998,30,400020,4200387930,30,10344800000,321,40,4412,"DINEN10217-1-Fe -glatt",Scheibe,Nut,"RobbiMuffe (6)",15,20,40,10,-,0,0,10,0,0,0,0
156524,676296,StrangrohrData,993998,30,400020,4200387930,30,10344800000,322,40,7136,"DINEN10217-1-Fe -glatt",Nut,Nut,"RobbiMuffe (6)",15,36,40,12,-,0,0,0,0,0,0,0
156524,676297,StrangrohrData,993998,30,400020,4200387930,30,10344800000,324,40,3734,"DINEN10217-1-Fe -glatt",Scheibe,Nut,"RobbiMuffe (6)",15,2,40,1,-,0,0,1,0,0,0,0
156524,676298,StrangrohrData,993998,30,400020,4200387930,30,10344800000,325,40,7902,"DINEN10217-1-Fe -glatt",Nut,Nut,"RobbiMuffe (6)",15,30,40,10,-,0,0,0,0,0,0,0
156524,676299,StrangrohrData,993998,30,400020,4200387930,30,10344800000,326,40,5598,"DINEN10217-1-Fe -glatt",Nut,Nut,"RobbiMuffe (6)",15,92,40,46,-,0,0,0,0,0,0,0
156524,676300,StrangrohrData,993998,30,400020,4200387930,30,10344800000,327,40,6397,"DINEN10217-1-Fe -glatt",Nut,Nut,"RobbiMuffe (6)",15,108,40,36,-,0,0,0,0,0,0,0
156524,676301,StrangrohrData,993998,30,400020,4200387930,30,10344800000,328,40,5998,"DINEN10217-1-Fe -glatt",Nut,Nut,"RobbiMuffe (6)",15,36,40,12,-,0,0,0,0,0,0,0
156524,676302,StrangrohrData,993998,30,400020,4200387930,30,10344800000,329,40,4398,"DINEN10217-1-Fe -glatt",Nut,Nut,"RobbiMuffe (6)",15,20,40,10,-,0,0,0,0,0,0,0
156524,676303,StrangrohrData,993998,30,400020,4200387930,30,10344800000,330,40,7357,"DINEN10217-1-Fe -glatt",Nut,Nut,"RobbiMuffe (6)",15,3,40,1,-,0,0,0,0,0,0,0
156524,676304,StrangrohrData,993998,30,400020,4200387930,30,10344800000,331,40,7357,"DINEN10217-1-Fe -glatt",Nut,Nut,"RobbiMuffe (6)",15,27,40,9,-,0,0,0,0,0,0,0
156524,676305,StrangrohrData,993998,30,400020,4200387930,30,10344800000,335,40,7902,"DINEN10217-1-Fe -glatt",Nut,Nut,"RobbiMuffe (6)",15,8,40,2,-,0,0,0,0,0,0,0
156524,676306,StrangrohrData,993998,30,400020,4200387930,30,10344800000,336,40,2846,"DINEN10217-1-Fe -glatt",Scheibe,Nut,"RobbiMuffe (6)",15,22,40,11,-,0,0,11,0,0,0,0
156524,676307,StrangrohrData,993998,30,400020,4200387930,30,10344800000,337,40,1512,"DINEN10217-1-Fe -glatt",Scheibe,Nut,"RobbiMuffe (6)",15,2,40,2,-,0,0,2,0,0,0,0
156525,676308,StrangrohrData,993998,40,400020,4200387930,40,10344800000,332,50,7357,"DINEN10217-1-Fe -glatt",Nut,Nut,"RobbiMuffe (6)",15,3,50,1,-,0,0,0,0,0,0,0
156525,676309,StrangrohrData,993998,40,400020,4200387930,40,10344800000,333,50,5753,"DINEN10217-1-Fe -glatt",Nut,Nut,"RobbiMuffe (6)",15,2,50,1,-,0,0,0,0,0,0,0
156529,676351,StrangrohrData,993999,30,400020,4200387931,30,10344800000,418,40,4412,"DINEN10217-1-Fe -glatt",Scheibe,Nut,"RobbiMuffe (6)",15,20,40,10,-,0,0,10,0,0,0,0
156529,676352,StrangrohrData,993999,30,400020,4200387931,30,10344800000,419,40,7136,"DINEN10217-1-Fe -glatt",Nut,Nut,"RobbiMuffe (6)",15,36,40,12,-,0,0,0,0,0,0,0
156529,676353,StrangrohrData,993999,30,400020,4200387931,30,10344800000,421,40,3734,"DINEN10217-1-Fe -glatt",Scheibe,Nut,"RobbiMuffe (6)",15,2,40,1,-,0,0,1,0,0,0,0
156529,676354,StrangrohrData,993999,30,400020,4200387931,30,10344800000,422,40,7902,"DINEN10217-1-Fe -glatt",Nut,Nut,"RobbiMuffe (6)",15,30,40,10,-,0,0,0,0,0,0,0
156529,676355,StrangrohrData,993999,30,400020,4200387931,30,10344800000,423,40,5598,"DINEN10217-1-Fe -glatt",Nut,Nut,"RobbiMuffe (6)",15,92,40,46,-,0,0,0,0,0,0,0
156529,676356,StrangrohrData,993999,30,400020,4200387931,30,10344800000,424,40,6397,"DINEN10217-1-Fe -glatt",Nut,Nut,"RobbiMuffe (6)",15,108,40,36,-,0,0,0,0,0,0,0
156529,676357,StrangrohrData,993999,30,400020,4200387931,30,10344800000,425,40,5998,"DINEN10217-1-Fe -glatt",Nut,Nut,"RobbiMuffe (6)",15,36,40,12,-,0,0,0,0,0,0,0
156529,676358,StrangrohrData,993999,30,400020,4200387931,30,10344800000,426,40,4398,"DINEN10217-1-Fe -glatt",Nut,Nut,"RobbiMuffe (6)",15,20,40,10,-,0,0,0,0,0,0,0
156529,676359,StrangrohrData,993999,30,400020,4200387931,30,10344800000,427,40,7357,"DINEN10217-1-Fe -glatt",Nut,Nut,"RobbiMuffe (6)",15,3,40,1,-,0,0,0,0,0,0,0
156529,676360,StrangrohrData,993999,30,400020,4200387931,30,10344800000,428,40,7357,"DINEN10217-1-Fe -glatt",Nut,Nut,"RobbiMuffe (6)",15,27,40,9,-,0,0,0,0,0,0,0
156529,676361,StrangrohrData,993999,30,400020,4200387931,30,10344800000,432,40,7902,"DINEN10217-1-Fe -glatt",Nut,Nut,"RobbiMuffe (6)",15,8,40,2,-,0,0,0,0,0,0,0
156529,676362,StrangrohrData,993999,30,400020,4200387931,30,10344800000,433,40,2846,"DINEN10217-1-Fe -glatt",Scheibe,Nut,"RobbiMuffe (6)",15,22,40,11,-,0,0,11,0,0,0,0
156529,676363,StrangrohrData,993999,30,400020,4200387931,30,10344800000,434,40,1512,"DINEN10217-1-Fe -glatt",Scheibe,Nut,"RobbiMuffe (6)",15,2,40,2,-,0,0,2,0,0,0,0
156530,676364,StrangrohrData,993999,40,400020,4200387931,40,10344800000,429,50,7357,"DINEN10217-1-Fe -glatt",Nut,Nut,"RobbiMuffe (6)",15,3,50,1,-,0,0,0,0,0,0,0
156530,676365,StrangrohrData,993999,40,400020,4200387931,40,10344800000,430,50,5753,"DINEN10217-1-Fe -glatt",Nut,Nut,"RobbiMuffe (6)",15,2,50,1,-,0,0,0,0,0,0,0
156531,676367,StrangrohrData,994003,30,400020,4200387937,30,10344800000,513,50,7218,"DINEN10217-1-Fe -glatt",Nut,Nut,"RobbiMuffe (6)",15,2,50,1,-,0,0,0,0,0,0,0
156531,676368,StrangrohrData,994003,30,400020,4200387937,30,10344800000,519,50,7191,"DINEN10217-1-Fe -glatt",Nut,Nut,"RobbiMuffe (6)",15,3,50,1,-,0,0,0,0,0,0,0
156533,676405,StrangrohrData,994122,30,400020,4200388007,30,10335260000,2,40,5560,"DINEN10217-1-Fe -glatt",Nut,Nut,"RobbiMuffe (6)",10,392,40,98,-,0,0,0,0,0,0,0
156533,676406,StrangrohrData,994122,30,400020,4200388007,30,10335260000,6,40,5560,"DINEN10217-1-Fe -glatt",Nut,Nut,"RobbiMuffe (6)",10,392,40,98,-,0,0,0,0,0,0,0
156533,676407,StrangrohrData,994122,30,400020,4200388007,30,10335260000,18,40,5560,"DINEN10217-1-Fe -glatt",Nut,Nut,"RobbiMuffe (6)",10,280,40,70,-,0,0,0,0,0,0,0
156533,676408,StrangrohrData,994122,30,400020,4200388007,30,10335260000,21,40,5560,"DINEN10217-1-Fe -glatt",Nut,Nut,"RobbiMuffe (6)",10,280,40,70,-,0,0,0,0,0,0,0
156534,676409,StrangrohrData,994122,40,400020,4200388007,40,10335260000,4,40,5560,"DINEN10217-1-Fe -glatt",Nut,Nut,"RobbiMuffe (6)",15,392,40,98,-,0,0,0,0,0,0,0
156534,676410,StrangrohrData,994122,40,400020,4200388007,40,10335260000,16,40,5560,"DINEN10217-1-Fe -glatt",Nut,Nut,"RobbiMuffe (6)",15,280,40,70,-,0,0,0,0,0,0,0
156535,676411,StrangrohrData,994122,50,400020,4200388007,50,10335260000,19,40,2780,"DINEN10217-1-Fe -glatt",Nut,Nut,"RobbiMuffe (6)",10,42,40,14,-,0,0,0,0,0,0,0
156535,676412,StrangrohrData,994122,50,400020,4200388007,50,10335260000,20,40,5560,"DINEN10217-1-Fe -glatt",Nut,Nut,"RobbiMuffe (6)",10,56,40,14,-,0,0,0,0,0,0,0
156535,676413,StrangrohrData,994122,50,400020,4200388007,50,10335260000,22,40,2780,"DINEN10217-1-Fe -glatt",Nut,Nut,"RobbiMuffe (6)",10,28,40,14,-,0,0,0,0,0,0,0
156535,676414,StrangrohrData,994122,50,400020,4200388007,50,10335260000,23,40,5560,"DINEN10217-1-Fe -glatt",Nut,Nut,"RobbiMuffe (6)",10,56,40,14,-,0,0,0,0,0,0,0
156536,676415,StrangrohrData,994122,60,400020,4200388007,60,10335260000,15,40,5560,"DINEN10217-1-Fe -glatt",Nut,Nut,"RobbiMuffe (6)",15,70,40,14,-,0,0,0,0,0,0,0
156536,676416,StrangrohrData,994122,60,400020,4200388007,60,10335260000,17,40,2780,"DINEN10217-1-Fe -glatt",Nut,Nut,"RobbiMuffe (6)",15,28,40,14,-,0,0,0,0,0,0,0
156537,676418,StrangrohrData,994135,10,400020,4200388016,10,10342600000,9,32,6499,"DINEN10217-1-Fe -glatt",Nut,Nut,"RobbiMuffe (6)",15,24,32,12,-,0,0,0,0,0,0,0
156537,676419,StrangrohrData,994135,10,400020,4200388016,10,10342600000,10,32,4500,"DINEN10217-1-Fe -glatt",Nut,Nut,"RobbiMuffe (6)",15,24,32,12,-,0,0,0,0,0,0,0
156537,676420,StrangrohrData,994135,10,400020,4200388016,10,10342600000,11,32,4930,"DINEN10217-1-Fe -glatt",Nut,Nut,"RobbiMuffe (6)",15,12,32,6,-,0,0,0,0,0,0,0
156537,676421,StrangrohrData,994135,10,400020,4200388016,10,10342600000,12,32,5930,"DINEN10217-1-Fe -glatt",Nut,Nut,"RobbiMuffe (6)",15,12,32,6,-,0,0,0,0,0,0,0
156537,676422,StrangrohrData,994135,10,400020,4200388016,10,10342600000,16,32,6499,"DINEN10217-1-Fe -glatt",Nut,Nut,"RobbiMuffe (6)",15,12,32,6,-,0,0,0,0,0,0,0
156537,676423,StrangrohrData,994135,10,400020,4200388016,10,10342600000,17,32,4500,"DINEN10217-1-Fe -glatt",Nut,Nut,"RobbiMuffe (6)",15,12,32,6,-,0,0,0,0,0,0,0
156537,676424,StrangrohrData,994135,10,400020,4200388016,10,10342600000,18,32,5930,"DINEN10217-1-Fe -glatt",Nut,Nut,"RobbiMuffe (6)",15,6,32,3,-,0,0,0,0,0,0,0
156537,676425,StrangrohrData,994135,10,400020,4200388016,10,10342600000,19,32,4930,"DINEN10217-1-Fe -glatt",Nut,Nut,"RobbiMuffe (6)",15,6,32,3,-,0,0,0,0,0,0,0
156542,676560,StrangrohrData,994569,80,400020,4200388249,80,10340040000,S425,32,3000,"DINEN10255-Fe -glatt Gewinderohr",Nut,Nut,"RobbiMuffe (6)",15,4,32,2,-,0,0,0,0,0,0,0
156544,676590,StrangrohrData,994568,50,400020,4200388248,50,70000030010,34,50,2999,"DINEN10217-1-Fe -glatt",Nut,Nut,"RobbiMuffe (6)",25,3,50,3,-,0,0,0,0,0,0,0
156545,676591,StrangrohrData,994568,40,400020,4200388248,40,70000030010,33,50,2999,"DINEN10217-1-Fe -glatt",Nut,Nut,"RobbiMuffe (6)",15,6,50,6,-,0,0,0,0,0,0,0
156547,676605,StrangrohrData,994568,20,400020,4200388248,20,70000030010,9,50,3781,"DINEN10217-1-Fe -glatt",Scheibe,Nut,"RobbiMuffe (6)",25,8,50,8,-,24,0,8,0,0,0,0
156547,676606,StrangrohrData,994568,20,400020,4200388248,20,70000030010,13,50,3781,"DINEN10217-1-Fe -glatt",Scheibe,Nut,"RobbiMuffe (6)",25,1,50,1,-,3,0,1,0,0,0,0
156558,676765,StrangrohrData,994869,50,400020,4200388369,50,10350900000,1,32,5022,"DINEN10217-1-Fe -glatt",Scheibe,Nut,"RobbiMuffe gek(7)",25,16,32,8,-,0,0,8,0,0,0,0
156558,676766,StrangrohrData,994869,50,400020,4200388369,50,10350900000,12,32,5998,"DINEN10217-1-Fe -glatt",Nut,Nut,"RobbiMuffe gek(7)",25,90,32,45,-,0,0,0,0,0,0,0
156558,676767,StrangrohrData,994869,50,400020,4200388369,50,10350900000,16,32,3522,"DINEN10217-1-Fe -glatt",Scheibe,Nut,"RobbiMuffe gek(7)",25,41,32,41,-,0,0,41,0,0,0,0
156558,676768,StrangrohrData,994869,50,400020,4200388369,50,10350900000,40,32,4358,"DINEN10217-1-Fe -glatt",Nut,Nut,"RobbiMuffe gek(7)",25,4,32,2,-,0,0,0,0,0,0,0
156558,676769,StrangrohrData,994869,50,400020,4200388369,50,10350900000,44,32,4522,"DINEN10217-1-Fe -glatt",Scheibe,Nut,"RobbiMuffe gek(7)",25,156,32,78,-,0,0,78,0,0,0,0
156558,676770,StrangrohrData,994869,50,400020,4200388369,50,10350900000,46,32,5998,"DINEN10217-1-Fe -glatt",Nut,Nut,"RobbiMuffe gek(7)",25,8,32,4,-,0,0,0,0,0,0,0
156558,676771,StrangrohrData,994869,50,400020,4200388369,50,10350900000,47,32,5998,"DINEN10217-1-Fe -glatt",Nut,Nut,"RobbiMuffe gek(7)",25,107,32,107,-,0,0,0,0,0,0,0
156558,676772,StrangrohrData,994869,50,400020,4200388369,50,10350900000,48,32,5998,"DINEN10217-1-Fe -glatt",Nut,Nut,"RobbiMuffe gek(7)",25,76,32,38,-,0,0,0,0,0,0,0
156558,676773,StrangrohrData,994869,50,400020,4200388369,50,10350900000,49,32,5998,"DINEN10217-1-Fe -glatt",Nut,Nut,"RobbiMuffe gek(7)",25,28,32,28,-,0,0,0,0,0,0,0
156558,676774,StrangrohrData,994869,50,400020,4200388369,50,10350900000,50,32,5998,"DINEN10217-1-Fe -glatt",Nut,Nut,"RobbiMuffe gek(7)",25,180,32,60,-,0,0,0,0,0,0,0
156558,676775,StrangrohrData,994869,50,400020,4200388369,50,10350900000,51,32,5998,"DINEN10217-1-Fe -glatt",Nut,Nut,"RobbiMuffe gek(7)",25,10,32,5,-,0,0,0,0,0,0,0
156558,676776,StrangrohrData,994869,50,400020,4200388369,50,10350900000,53,32,5998,"DINEN10217-1-Fe -glatt",Nut,Nut,"RobbiMuffe gek(7)",25,8,32,4,-,0,0,0,0,0,0,0
156558,676777,StrangrohrData,994869,50,400020,4200388369,50,10350900000,55,32,5172,"DINEN10217-1-Fe -glatt",Scheibe,Nut,"RobbiMuffe gek(7)",25,42,32,21,-,0,0,21,0,0,0,0
156558,676778,StrangrohrData,994869,50,400020,4200388369,50,10350900000,56,32,5498,"DINEN10217-1-Fe -glatt",Nut,Nut,"RobbiMuffe gek(7)",25,8,32,4,-,0,0,0,0,0,0,0
156558,676779,StrangrohrData,994869,50,400020,4200388369,50,10350900000,58,32,3529,"DINEN10217-1-Fe -glatt",Nut,Nut,"RobbiMuffe gek(7)",25,3,32,3,-,0,0,0,0,0,0,0
156558,676780,StrangrohrData,994869,50,400020,4200388369,50,10350900000,59,32,4662,"DINEN10217-1-Fe -glatt",Scheibe,Nut,"RobbiMuffe gek(7)",25,2,32,1,-,0,0,1,0,0,0,0
156558,676781,StrangrohrData,994869,50,400020,4200388369,50,10350900000,60,32,4998,"DINEN10217-1-Fe -glatt",Nut,Nut,"RobbiMuffe gek(7)",25,4,32,4,-,0,0,0,0,0,0,0
156558,676782,StrangrohrData,994869,50,400020,4200388369,50,10350900000,61,32,5998,"DINEN10217-1-Fe -glatt",Nut,Nut,"RobbiMuffe gek(7)",25,3,32,1,-,0,0,0,0,0,0,0
156558,676783,StrangrohrData,994869,50,400020,4200388369,50,10350900000,62,32,5998,"DINEN10217-1-Fe -glatt",Nut,Nut,"RobbiMuffe gek(7)",25,12,32,4,-,0,0,0,0,0,0,0
156558,676784,StrangrohrData,994869,50,400020,4200388369,50,10350900000,63,32,5858,"DINEN10217-1-Fe -glatt",Nut,Nut,"RobbiMuffe gek(7)",25,2,32,1,-,0,0,0,0,0,0,0
156558,676785,StrangrohrData,994869,50,400020,4200388369,50,10350900000,64,32,4658,"DINEN10217-1-Fe -glatt",Nut,Nut,"RobbiMuffe gek(7)",25,2,32,2,-,0,0,0,0,0,0,0
156558,676786,StrangrohrData,994869,50,400020,4200388369,50,10350900000,66,32,5998,"DINEN10217-1-Fe -glatt",Nut,Nut,"RobbiMuffe gek(7)",25,4,32,2,-,0,0,0,0,0,0,0
156558,676787,StrangrohrData,994869,50,400020,4200388369,50,10350900000,67,32,4498,"DINEN10217-1-Fe -glatt",Nut,Nut,"RobbiMuffe gek(7)",25,2,32,1,-,0,0,0,0,0,0,0
156558,676788,StrangrohrData,994869,50,400020,4200388369,50,10350900000,68,32,5718,"DINEN10217-1-Fe -glatt",Nut,Nut,"RobbiMuffe gek(7)",25,2,32,1,-,0,0,0,0,0,0,0
156558,676789,StrangrohrData,994869,50,400020,4200388369,50,10350900000,69,32,5858,"DINEN10217-1-Fe -glatt",Nut,Nut,"RobbiMuffe gek(7)",25,3,32,1,-,0,0,0,0,0,0,0
156558,676790,StrangrohrData,994869,50,400020,4200388369,50,10350900000,70,32,5522,"DINEN10217-1-Fe -glatt",Scheibe,Nut,"RobbiMuffe gek(7)",25,3,32,1,-,0,0,1,0,0,0,0
156558,676791,StrangrohrData,994869,50,400020,4200388369,50,10350900000,71,32,5991,"DINEN10217-1-Fe -glatt",Scheibe,Nut,"RobbiMuffe gek(7)",25,2,32,1,-,0,0,1,0,0,0,0
156558,676792,StrangrohrData,994869,50,400020,4200388369,50,10350900000,72,32,5272,"DINEN10217-1-Fe -glatt",Scheibe,Nut,"RobbiMuffe gek(7)",25,4,32,1,-,0,0,1,0,0,0,0
156558,676793,StrangrohrData,994869,50,400020,4200388369,50,10350900000,77,32,5998,"DINEN10217-1-Fe -glatt",Nut,Nut,"RobbiMuffe gek(7)",25,2,32,1,-,0,0,0,0,0,0,0
156558,676794,StrangrohrData,994869,50,400020,4200388369,50,10350900000,78,32,5522,"DINEN10217-1-Fe -glatt",Scheibe,Nut,"RobbiMuffe gek(7)",25,2,32,1,-,0,0,1,0,0,0,0
156559,676795,StrangrohrData,994869,60,400020,4200388369,60,10350900000,52,32,5172,"DINEN10217-1-Fe -glatt",Scheibe,Nut,"RobbiMuffe gek(7)",25,34,32,17,-,0,0,17,17,0,0,0
156560,676796,StrangrohrData,994869,70,400020,4200388369,70,10350900000,2,32,4798,"DINEN10217-1-Fe -glatt",Nut,Nut,"RobbiMuffe gek(7)",25,4,32,2,-,0,0,0,0,0,0,0
156560,676797,StrangrohrData,994869,70,400020,4200388369,70,10350900000,3,32,4718,"DINEN10217-1-Fe -glatt",Nut,Nut,"RobbiMuffe gek(7)",25,2,32,1,-,0,0,0,0,0,0,0
156560,676798,StrangrohrData,994869,70,400020,4200388369,70,10350900000,5,32,5798,"DINEN10217-1-Fe -glatt",Nut,Nut,"RobbiMuffe gek(7)",25,2,32,1,-,0,0,0,0,0,0,0
156560,676799,StrangrohrData,994869,70,400020,4200388369,70,10350900000,11,32,6137,"DINEN10217-1-Fe -glatt",Nut,Nut,"RobbiMuffe gek(7)",25,1,32,1,-,0,0,0,0,0,0,0
156560,676800,StrangrohrData,994869,70,400020,4200388369,70,10350900000,15,32,2858,"DINEN10217-1-Fe -glatt",Nut,Nut,"RobbiMuffe gek(7)",25,2,32,2,-,0,0,0,0,0,0,0
156560,676801,StrangrohrData,994869,70,400020,4200388369,70,10350900000,20,32,4032,"DINEN10217-1-Fe -glatt",Scheibe,Nut,"RobbiMuffe gek(7)",25,4,32,2,-,0,0,2,0,0,0,0
156560,676802,StrangrohrData,994869,70,400020,4200388369,70,10350900000,21,32,4858,"DINEN10217-1-Fe -glatt",Nut,Nut,"RobbiMuffe gek(7)",25,1,32,1,-,0,0,0,0,0,0,0
156560,676803,StrangrohrData,994869,70,400020,4200388369,70,10350900000,22,32,6957,"DINEN10217-1-Fe -glatt",Nut,Nut,"RobbiMuffe gek(7)",25,2,32,1,-,0,0,0,0,0,0,0
156560,676804,StrangrohrData,994869,70,400020,4200388369,70,10350900000,25,32,4898,"DINEN10217-1-Fe -glatt",Nut,Nut,"RobbiMuffe gek(7)",25,2,32,1,-,0,0,0,0,0,0,0
156560,676805,StrangrohrData,994869,70,400020,4200388369,70,10350900000,31,32,3818,"DINEN10217-1-Fe -glatt",Nut,Nut,"RobbiMuffe gek(7)",25,4,32,2,-,0,0,0,0,0,0,0
156560,676806,StrangrohrData,994869,70,400020,4200388369,70,10350900000,41,32,5498,"DINEN10217-1-Fe -glatt",Nut,Nut,"RobbiMuffe gek(7)",25,2,32,1,-,0,0,0,0,0,0,0
156560,676807,StrangrohrData,994869,70,400020,4200388369,70,10350900000,42,32,4298,"DINEN10217-1-Fe -glatt",Nut,Nut,"RobbiMuffe gek(7)",25,2,32,1,-,0,0,0,0,0,0,0
156560,676808,StrangrohrData,994869,70,400020,4200388369,70,10350900000,43,32,5858,"DINEN10217-1-Fe -glatt",Nut,Nut,"RobbiMuffe gek(7)",25,3,32,1,-,0,0,0,0,0,0,0
156560,676809,StrangrohrData,994869,70,400020,4200388369,70,10350900000,45,32,5172,"DINEN10217-1-Fe -glatt",Scheibe,Nut,"RobbiMuffe gek(7)",25,4,32,1,-,0,0,1,0,0,0,0
156560,676810,StrangrohrData,994869,70,400020,4200388369,70,10350900000,54,32,4658,"DINEN10217-1-Fe -glatt",Nut,Nut,"RobbiMuffe gek(7)",25,2,32,1,-,0,0,0,0,0,0,0
156562,676834,StrangrohrData,994924,60,400020,4200388430,60,10340580000,S13A,65,1900,"DINEN10217-1-Fe -glatt",Nut,Nut,"RobbiMuffe (6)",25,1,65,1,-,0,0,0,0,0,0,0
156562,676835,StrangrohrData,994924,60,400020,4200388430,60,10340580000,S13B,65,2400,"DINEN10217-1-Fe -glatt",Nut,Nut,"RobbiMuffe (6)",25,1,65,1,-,0,0,0,0,0,0,0
156562,676836,StrangrohrData,994924,60,400020,4200388430,60,10340580000,V14A,65,4923,"DINEN10217-1-Fe -glatt",Nut,Nut,"RobbiMuffe (6)",25,3,65,1,-,0,0,0,0,0,0,0
156563,676837,StrangrohrData,994924,70,400020,4200388430,70,10340580000,S15,32,5972,"DINEN10255-Fe -glatt Gewinderohr",Nut,Nut,"RobbiMuffe (6)",15,2,32,1,-,0,0,0,0,0,0,0
156563,676838,StrangrohrData,994924,70,400020,4200388430,70,10340580000,S16,32,5100,"DINEN10255-Fe -glatt Gewinderohr",Scheibe,Nut,"RobbiMuffe (6)",15,3,32,1,-,0,0,1,0,0,0,0
156564,676839,StrangrohrData,994924,80,400020,4200388430,80,10340580000,V12,65,4639,"DINEN10217-1-Fe -glatt",Nut,Nut,"RobbiMuffe (6)",25,2,65,1,-,0,0,0,0,0,0,0
156564,676840,StrangrohrData,994924,80,400020,4200388430,80,10340580000,V13,65,6000,"DINEN10217-1-Fe -glatt",Nut,Nut,"RobbiMuffe (6)",25,2,65,1,-,0,0,0,0,0,0,0
156564,676841,StrangrohrData,994924,80,400020,4200388430,80,10340580000,V14,65,6025,"DINEN10217-1-Fe -glatt",Nut,Nut,"RobbiMuffe (6)",25,2,65,1,-,0,0,0,0,0,0,0
156564,676842,StrangrohrData,994924,80,400020,4200388430,80,10340580000,V15,65,4879,"DINEN10217-1-Fe -glatt",Nut,Nut,"RobbiMuffe (6)",25,2,65,1,-,0,0,0,0,0,0,0
156564,676843,StrangrohrData,994924,80,400020,4200388430,80,10340580000,V16,65,5000,"DINEN10217-1-Fe -glatt",Nut,Nut,"RobbiMuffe (6)",25,2,65,1,-,0,0,0,0,0,0,0
156564,676844,StrangrohrData,994924,80,400020,4200388430,80,10340580000,V18,65,6000,"DINEN10217-1-Fe -glatt",Nut,Nut,"RobbiMuffe (6)",25,2,65,1,-,0,0,0,0,0,0,0
156564,676845,StrangrohrData,994924,80,400020,4200388430,80,10340580000,V19,65,6000,"DINEN10217-1-Fe -glatt",Nut,Nut,"RobbiMuffe (6)",25,2,65,1,-,0,0,0,0,0,0,0
156564,676846,StrangrohrData,994924,80,400020,4200388430,80,10340580000,V20,65,6000,"DINEN10217-1-Fe -glatt",Nut,Nut,"RobbiMuffe (6)",25,3,65,1,-,0,0,0,0,0,0,0
156566,676877,StrangrohrData,995014,40,400020,4200388445,40,70000030010,37,40,2998,"DINEN10217-1-Fe -glatt",Nut,Nut,"RobbiMuffe (6)",15,8,40,8,-,0,0,0,0,0,0,0
156566,676878,StrangrohrData,995014,40,400020,4200388445,40,70000030010,41,40,2998,"DINEN10217-1-Fe -glatt",Nut,Nut,"RobbiMuffe (6)",15,24,40,24,-,0,0,0,0,0,0,0
156567,676887,StrangrohrData,995014,60,400020,4200388445,60,70000030010,43,40,2998,"DINEN10217-1-Fe -glatt",Nut,Nut,"RobbiMuffe (6)",15,12,40,12,-,0,0,0,0,0,0,0
156569,676895,StrangrohrData,995031,50,400020,4200388488,50,10350520000,1,32,6000,"DINEN10217-1-Fe -glatt",Nut,Nut,"RobbiMuffe (6)",15,194,32,97,-,0,0,0,0,0,0,0
156570,676919,StrangrohrData,995071,20,400020,4200388498,20,10342040000,2,40,5999,"DINEN10217-1-Fe -glatt",Nut,Nut,"RobbiMuffe (6)",15,4,40,2,-,0,0,0,0,0,0,0
156570,676920,StrangrohrData,995071,20,400020,4200388498,20,10342040000,3,40,5999,"DINEN10217-1-Fe -glatt",Nut,Nut,"RobbiMuffe (6)",15,1,40,1,-,0,0,0,0,0,0,0
156570,676921,StrangrohrData,995071,20,400020,4200388498,20,10342040000,4,40,3167,"DINEN10217-1-Fe -glatt",Scheibe,Nut,"RobbiMuffe (6)",15,2,40,1,-,0,0,1,0,0,0,0
156570,676922,StrangrohrData,995071,20,400020,4200388498,20,10342040000,5,40,1916,"DINEN10217-1-Fe -glatt",Scheibe,Nut,"RobbiMuffe (6)",15,1,40,1,-,0,0,1,0,0,0,0
156570,676923,StrangrohrData,995071,20,400020,4200388498,20,10342040000,6,40,5999,"DINEN10217-1-Fe -glatt",Nut,Nut,"RobbiMuffe (6)",15,2,40,1,-,0,0,0,0,0,0,0
156570,676924,StrangrohrData,995071,20,400020,4200388498,20,10342040000,8,40,5999,"DINEN10217-1-Fe -glatt",Nut,Nut,"RobbiMuffe (6)",15,6,40,3,-,0,0,0,0,0,0,0
156570,676925,StrangrohrData,995071,20,400020,4200388498,20,10342040000,9,40,6291,"DINEN10217-1-Fe -glatt",Scheibe,Nut,"RobbiMuffe (6)",15,6,40,2,-,0,0,2,0,0,0,0
156570,676926,StrangrohrData,995071,20,400020,4200388498,20,10342040000,10,40,4792,"DINEN10217-1-Fe -glatt",Scheibe,Nut,"RobbiMuffe (6)",15,3,40,1,-,0,0,1,0,0,0,0
156570,676927,StrangrohrData,995071,20,400020,4200388498,20,10342040000,11,40,2792,"DINEN10217-1-Fe -glatt",Scheibe,Nut,"RobbiMuffe (6)",15,2,40,1,-,0,0,1,0,0,0,0
156570,676928,StrangrohrData,995071,20,400020,4200388498,20,10342040000,12,40,5292,"DINEN10217-1-Fe -glatt",Scheibe,Nut,"RobbiMuffe (6)",15,3,40,1,-,0,0,1,0,0,0,0
156570,676929,StrangrohrData,995071,20,400020,4200388498,20,10342040000,13,40,3292,"DINEN10217-1-Fe -glatt",Scheibe,Nut,"RobbiMuffe (6)",15,2,40,1,-,0,0,1,0,0,0,0
156570,676930,StrangrohrData,995071,20,400020,4200388498,20,10342040000,14,40,1791,"DINEN10217-1-Fe -glatt",Scheibe,Nut,"RobbiMuffe (6)",15,1,40,1,-,0,0,1,0,0,0,0
156570,676931,StrangrohrData,995071,20,400020,4200388498,20,10342040000,17,40,5998,"DINEN10217-1-Fe -glatt",Nut,Nut,"RobbiMuffe (6)",15,18,40,9,-,0,0,0,0,0,0,0
156580,677050,StrangrohrData,995448,30,400020,4200388710,30,10271800000,S13,40,3329,"DINEN10255-Fe -glatt Gewinderohr",Scheibe,Nut,"RobbiMuffe (6)",15,2,40,1,-,1,0,1,0,0,0,0
156580,677051,StrangrohrData,995448,30,400020,4200388710,30,10271800000,S20,40,7997,"DINEN10255-Fe -glatt Gewinderohr",Nut,Nut,"RobbiMuffe (6)",15,96,40,24,-,24,0,0,0,0,0,0
156580,677052,StrangrohrData,995448,30,400020,4200388710,30,10271800000,S22,40,4399,"DINEN10255-Fe -glatt Gewinderohr",Scheibe,Nut,"RobbiMuffe (6)",15,68,40,34,-,34,0,34,0,0,0,0
156580,677053,StrangrohrData,995448,30,400020,4200388710,30,10271800000,S23,40,7997,"DINEN10255-Fe -glatt Gewinderohr",Nut,Nut,"RobbiMuffe (6)",15,63,40,21,-,21,0,0,0,0,0,0
156580,677054,StrangrohrData,995448,30,400020,4200388710,30,10271800000,S25,40,7997,"DINEN10255-Fe -glatt Gewinderohr",Nut,Nut,"RobbiMuffe (6)",15,30,40,10,-,10,0,0,0,0,0,0
156581,677055,StrangrohrData,995448,40,400020,4200388710,40,10271800000,S12,40,2928,"DINEN10255-Fe -glatt Gewinderohr",Nut,Nut,"RobbiMuffe (6)",15,1,40,1,-,0,0,0,0,0,0,0
156581,677056,StrangrohrData,995448,40,400020,4200388710,40,10271800000,S14,40,7717,"DINEN10255-Fe -glatt Gewinderohr",Nut,Nut,"RobbiMuffe (6)",15,3,40,1,-,0,0,0,0,0,0,0
156581,677057,StrangrohrData,995448,40,400020,4200388710,40,10271800000,S15,40,7997,"DINEN10255-Fe -glatt Gewinderohr",Nut,Nut,"RobbiMuffe (6)",15,180,40,45,-,0,0,0,0,0,0,0
156581,677058,StrangrohrData,995448,40,400020,4200388710,40,10271800000,S16,40,7997,"DINEN10255-Fe -glatt Gewinderohr",Nut,Nut,"RobbiMuffe (6)",15,129,40,43,-,0,0,0,0,0,0,0
156581,677059,StrangrohrData,995448,40,400020,4200388710,40,10271800000,S17,40,7997,"DINEN10255-Fe -glatt Gewinderohr",Nut,Nut,"RobbiMuffe (6)",15,135,40,45,-,0,0,0,0,0,0,0
156581,677060,StrangrohrData,995448,40,400020,4200388710,40,10271800000,S18,40,7997,"DINEN10255-Fe -glatt Gewinderohr",Nut,Nut,"RobbiMuffe (6)",15,135,40,45,-,0,0,0,0,0,0,0
156581,677061,StrangrohrData,995448,40,400020,4200388710,40,10271800000,S19,40,7997,"DINEN10255-Fe -glatt Gewinderohr",Nut,Nut,"RobbiMuffe (6)",15,204,40,68,-,0,0,0,0,0,0,0
156581,677062,StrangrohrData,995448,40,400020,4200388710,40,10271800000,S21,40,4799,"DINEN10255-Fe -glatt Gewinderohr",Scheibe,Nut,"RobbiMuffe (6)",15,48,40,24,-,0,0,24,0,0,0,0
156581,677063,StrangrohrData,995448,40,400020,4200388710,40,10271800000,S24,40,2799,"DINEN10255-Fe -glatt Gewinderohr",Scheibe,Nut,"RobbiMuffe (6)",15,42,40,21,-,0,0,21,0,0,0,0
156581,677064,StrangrohrData,995448,40,400020,4200388710,40,10271800000,S26,40,3899,"DINEN10255-Fe -glatt Gewinderohr",Scheibe,Nut,"RobbiMuffe (6)",15,20,40,10,-,0,0,10,0,0,0,0
156582,677073,StrangrohrData,995502,30,400020,4200388749,30,10340540000,S301,32,6486,"DINEN10217-1-Fe -glatt",Scheibe,Nut,"RobbiMuffe (6)",20,6,32,2,-,0,0,2,0,0,0,0
156582,677074,StrangrohrData,995502,30,400020,4200388749,30,10340540000,S302,32,2970,"DINEN10217-1-Fe -glatt",Nut,Nut,"RobbiMuffe (6)",20,2,32,2,-,0,0,0,0,0,0,0
156582,677075,StrangrohrData,995502,30,400020,4200388749,30,10340540000,S303,32,4567,"DINEN10217-1-Fe -glatt",Scheibe,Nut,"RobbiMuffe (6)",20,2,32,1,-,0,0,1,0,0,0,0
156582,677076,StrangrohrData,995502,30,400020,4200388749,30,10340540000,S304,32,4895,"DINEN10217-1-Fe -glatt",Nut,Nut,"RobbiMuffe (6)",20,2,32,1,-,0,0,0,0,0,0,0
156584,677167,StrangrohrData,995583,60,400020,4200388787,60,10350900000,1069,50,6032,"DINEN10217-1-Fe -glatt",Nut,Nut,"RobbiMuffe (6)",15,8,50,4,-,0,0,0,0,0,0,0
156584,677168,StrangrohrData,995583,60,400020,4200388787,60,10350900000,1073,50,5975,"DINEN10217-1-Fe -glatt",Nut,Nut,"RobbiMuffe (6)",15,1,50,1,-,0,0,0,0,0,0,0
156584,677169,StrangrohrData,995583,60,400020,4200388787,60,10350900000,1091,50,5998,"DINEN10217-1-Fe -glatt",Nut,Nut,"RobbiMuffe (6)",15,4,50,2,-,0,0,0,0,0,0,0
156584,677170,StrangrohrData,995583,60,400020,4200388787,60,10350900000,1114,50,5132,"DINEN10217-1-Fe -glatt",Nut,Nut,"RobbiMuffe (6)",15,1,50,1,-,0,0,0,0,0,0,0
156584,677171,StrangrohrData,995583,60,400020,4200388787,60,10350900000,1130,50,5378,"DINEN10217-1-Fe -glatt",Nut,Nut,"RobbiMuffe (6)",15,4,50,2,-,0,0,0,0,0,0,0
156584,677172,StrangrohrData,995583,60,400020,4200388787,60,10350900000,1133,50,4971,"DINEN10217-1-Fe -glatt",Nut,Nut,"RobbiMuffe (6)",15,2,50,1,-,0,0,0,0,0,0,0
156584,677173,StrangrohrData,995583,60,400020,4200388787,60,10350900000,1142,50,2897,"DINEN10217-1-Fe -glatt",Nut,Nut,"RobbiMuffe (6)",15,1,50,1,-,0,0,0,0,0,0,0
156584,677174,StrangrohrData,995583,60,400020,4200388787,60,10350900000,1171,50,3358,"DINEN10217-1-Fe -glatt",Nut,Nut,"RobbiMuffe (6)",15,2,50,1,-,0,0,0,0,0,0,0
156584,677175,StrangrohrData,995583,60,400020,4200388787,60,10350900000,1179,50,5731,"DINEN10217-1-Fe -glatt",Nut,Nut,"RobbiMuffe (6)",15,2,50,1,-,0,0,0,0,0,0,0
156584,677176,StrangrohrData,995583,60,400020,4200388787,60,10350900000,1216,50,5178,"DINEN10217-1-Fe -glatt",Nut,Nut,"RobbiMuffe (6)",15,6,50,2,-,0,0,0,0,0,0,0
156584,677177,StrangrohrData,995583,60,400020,4200388787,60,10350900000,1217,50,5998,"DINEN10217-1-Fe -glatt",Nut,Nut,"RobbiMuffe (6)",15,54,50,18,-,0,0,0,0,0,0,0
156584,677178,StrangrohrData,995583,60,400020,4200388787,60,10350900000,1222,50,5998,"DINEN10217-1-Fe -glatt",Nut,Nut,"RobbiMuffe (6)",15,3,50,1,-,0,0,0,0,0,0,0
156584,677179,StrangrohrData,995583,60,400020,4200388787,60,10350900000,1224,50,4948,"DINEN10217-1-Fe -glatt",Nut,Nut,"RobbiMuffe (6)",15,3,50,1,-,0,0,0,0,0,0,0
156584,677180,StrangrohrData,995583,60,400020,4200388787,60,10350900000,1225,50,5287,"DINEN10217-1-Fe -glatt",Nut,Nut,"RobbiMuffe (6)",15,3,50,1,-,0,0,0,0,0,0,0
156584,677181,StrangrohrData,995583,60,400020,4200388787,60,10350900000,1228,50,2121,"DINEN10217-1-Fe -glatt",Scheibe,Nut,"RobbiMuffe (6)",15,2,50,1,-,0,0,1,0,0,0,0
156584,677182,StrangrohrData,995583,60,400020,4200388787,60,10350900000,1233,50,5812,"DINEN10217-1-Fe -glatt",Scheibe,Nut,"RobbiMuffe (6)",15,4,50,1,-,0,0,1,0,0,0,0
156584,677183,StrangrohrData,995583,60,400020,4200388787,60,10350900000,1234,50,5153,"DINEN10217-1-Fe -glatt",Nut,Nut,"RobbiMuffe (6)",15,3,50,1,-,0,0,0,0,0,0,0
156584,677184,StrangrohrData,995583,60,400020,4200388787,60,10350900000,1235,50,5998,"DINEN10217-1-Fe -glatt",Nut,Nut,"RobbiMuffe (6)",15,3,50,1,-,0,0,0,0,0,0,0
156584,677185,StrangrohrData,995583,60,400020,4200388787,60,10350900000,1237,50,2564,"DINEN10217-1-Fe -glatt",Scheibe,Nut,"RobbiMuffe (6)",15,4,50,2,-,0,0,2,0,0,0,0
156584,677186,StrangrohrData,995583,60,400020,4200388787,60,10350900000,1242,50,5253,"DINEN10217-1-Fe -glatt",Nut,Nut,"RobbiMuffe (6)",15,42,50,14,-,0,0,0,0,0,0,0
156584,677187,StrangrohrData,995583,60,400020,4200388787,60,10350900000,1243,50,5528,"DINEN10217-1-Fe -glatt",Nut,Nut,"RobbiMuffe (6)",15,3,50,1,-,0,0,0,0,0,0,0
156584,677188,StrangrohrData,995583,60,400020,4200388787,60,10350900000,1244,50,4433,"DINEN10217-1-Fe -glatt",Nut,Nut,"RobbiMuffe (6)",15,6,50,2,-,0,0,0,0,0,0,0
156584,677189,StrangrohrData,995583,60,400020,4200388787,60,10350900000,1246,50,5253,"DINEN10217-1-Fe -glatt",Nut,Nut,"RobbiMuffe (6)",15,3,50,1,-,0,0,0,0,0,0,0
156584,677190,StrangrohrData,995583,60,400020,4200388787,60,10350900000,1247,50,5253,"DINEN10217-1-Fe -glatt",Nut,Nut,"RobbiMuffe (6)",15,3,50,1,-,0,0,0,0,0,0,0
156584,677191,StrangrohrData,995583,60,400020,4200388787,60,10350900000,1248,50,4969,"DINEN10217-1-Fe -glatt",Scheibe,Nut,"RobbiMuffe (6)",15,6,50,2,-,0,0,2,0,0,0,0
156585,677192,StrangrohrData,995583,70,400020,4200388787,70,10350900000,1036,32,6032,"DINEN10217-1-Fe -glatt",Nut,Nut,"RobbiMuffe (6)",15,108,32,54,-,0,0,0,0,0,0,0
156585,677193,StrangrohrData,995583,70,400020,4200388787,70,10350900000,1042,32,4928,"DINEN10217-1-Fe -glatt",Nut,Nut,"RobbiMuffe (6)",15,7,32,7,-,0,0,0,0,0,0,0
156585,677194,StrangrohrData,995583,70,400020,4200388787,70,10350900000,1044,32,5998,"DINEN10217-1-Fe -glatt",Nut,Nut,"RobbiMuffe (6)",15,72,32,36,-,0,0,0,0,0,0,0
156585,677195,StrangrohrData,995583,70,400020,4200388787,70,10350900000,1049,32,5378,"DINEN10217-1-Fe -glatt",Nut,Nut,"RobbiMuffe (6)",15,56,32,28,-,0,0,0,0,0,0,0
156585,677196,StrangrohrData,995583,70,400020,4200388787,70,10350900000,1088,32,5998,"DINEN10217-1-Fe -glatt",Nut,Nut,"RobbiMuffe (6)",15,96,32,48,-,0,0,0,0,0,0,0
156585,677197,StrangrohrData,995583,70,400020,4200388787,70,10350900000,1094,32,4513,"DINEN10217-1-Fe -glatt",Nut,Nut,"RobbiMuffe (6)",15,2,32,2,-,0,0,0,0,0,0,0
156585,677198,StrangrohrData,995583,70,400020,4200388787,70,10350900000,1119,32,4788,"DINEN10217-1-Fe -glatt",Nut,Nut,"RobbiMuffe (6)",15,1,32,1,-,0,0,0,0,0,0,0
156585,677199,StrangrohrData,995583,70,400020,4200388787,70,10350900000,1120,32,4338,"DINEN10217-1-Fe -glatt",Nut,Nut,"RobbiMuffe (6)",15,14,32,14,-,0,0,0,0,0,0,0
156585,677200,StrangrohrData,995583,70,400020,4200388787,70,10350900000,1121,32,3459,"DINEN10217-1-Fe -glatt",Nut,Nut,"RobbiMuffe (6)",15,2,32,2,-,0,0,0,0,0,0,0
156585,677201,StrangrohrData,995583,70,400020,4200388787,70,10350900000,1122,32,4688,"DINEN10217-1-Fe -glatt",Nut,Nut,"RobbiMuffe (6)",15,1,32,1,-,0,0,0,0,0,0,0
156585,677202,StrangrohrData,995583,70,400020,4200388787,70,10350900000,1126,32,2578,"DINEN10217-1-Fe -glatt",Nut,Nut,"RobbiMuffe (6)",15,1,32,1,-,0,0,0,0,0,0,0
156585,677203,StrangrohrData,995583,70,400020,4200388787,70,10350900000,1128,32,5878,"DINEN10217-1-Fe -glatt",Nut,Nut,"RobbiMuffe (6)",15,2,32,1,-,0,0,0,0,0,0,0
156585,677204,StrangrohrData,995583,70,400020,4200388787,70,10350900000,1129,32,5678,"DINEN10217-1-Fe -glatt",Nut,Nut,"RobbiMuffe (6)",15,4,32,2,-,0,0,0,0,0,0,0
156585,677205,StrangrohrData,995583,70,400020,4200388787,70,10350900000,1132,32,4564,"DINEN10217-1-Fe -glatt",Nut,Nut,"RobbiMuffe (6)",15,1,32,1,-,0,0,0,0,0,0,0
156585,677206,StrangrohrData,995583,70,400020,4200388787,70,10350900000,1139,32,3072,"DINEN10217-1-Fe -glatt",Scheibe,Nut,"RobbiMuffe (6)",15,2,32,1,-,0,0,1,0,0,0,0
156585,677207,StrangrohrData,995583,70,400020,4200388787,70,10350900000,1140,32,2572,"DINEN10217-1-Fe -glatt",Scheibe,Nut,"RobbiMuffe (6)",15,2,32,1,-,0,0,1,0,0,0,0
156585,677208,StrangrohrData,995583,70,400020,4200388787,70,10350900000,1141,32,5072,"DINEN10217-1-Fe -glatt",Scheibe,Nut,"RobbiMuffe (6)",15,3,32,1,-,0,0,1,0,0,0,0
156585,677209,StrangrohrData,995583,70,400020,4200388787,70,10350900000,1143,32,7207,"DINEN10217-1-Fe -glatt",Nut,Nut,"RobbiMuffe (6)",15,2,32,1,-,0,0,0,0,0,0,0
156585,677210,StrangrohrData,995583,70,400020,4200388787,70,10350900000,1155,32,2891,"DINEN10217-1-Fe -glatt",Nut,Nut,"RobbiMuffe (6)",15,1,32,1,-,0,0,0,0,0,0,0
156585,677211,StrangrohrData,995583,70,400020,4200388787,70,10350900000,1160,32,2858,"DINEN10217-1-Fe -glatt",Nut,Nut,"RobbiMuffe (6)",15,1,32,1,-,0,0,0,0,0,0,0
156585,677212,StrangrohrData,995583,70,400020,4200388787,70,10350900000,1161,32,3522,"DINEN10217-1-Fe -glatt",Scheibe,Nut,"RobbiMuffe (6)",15,2,32,1,-,0,0,1,0,0,0,0
156585,677213,StrangrohrData,995583,70,400020,4200388787,70,10350900000,1162,32,3922,"DINEN10217-1-Fe -glatt",Scheibe,Nut,"RobbiMuffe (6)",15,2,32,1,-,0,0,1,0,0,0,0
156585,677214,StrangrohrData,995583,70,400020,4200388787,70,10350900000,1163,32,3822,"DINEN10217-1-Fe -glatt",Scheibe,Nut,"RobbiMuffe (6)",15,2,32,1,-,0,0,1,0,0,0,0
156585,677215,StrangrohrData,995583,70,400020,4200388787,70,10350900000,1166,32,5158,"DINEN10217-1-Fe -glatt",Nut,Nut,"RobbiMuffe (6)",15,1,32,1,-,0,0,0,0,0,0,0
156585,677216,StrangrohrData,995583,70,400020,4200388787,70,10350900000,1167,32,5588,"DINEN10217-1-Fe -glatt",Nut,Nut,"RobbiMuffe (6)",15,2,32,1,-,0,0,0,0,0,0,0
156585,677217,StrangrohrData,995583,70,400020,4200388787,70,10350900000,1169,32,4088,"DINEN10217-1-Fe -glatt",Nut,Nut,"RobbiMuffe (6)",15,2,32,1,-,0,0,0,0,0,0,0
156585,677218,StrangrohrData,995583,70,400020,4200388787,70,10350900000,1174,32,3022,"DINEN10217-1-Fe -glatt",Scheibe,Nut,"RobbiMuffe (6)",15,1,32,1,-,0,0,1,0,0,0,0
156585,677219,StrangrohrData,995583,70,400020,4200388787,70,10350900000,1176,32,4858,"DINEN10217-1-Fe -glatt",Nut,Nut,"RobbiMuffe (6)",15,1,32,1,-,0,0,0,0,0,0,0
156585,677220,StrangrohrData,995583,70,400020,4200388787,70,10350900000,1180,32,5022,"DINEN10217-1-Fe -glatt",Scheibe,Nut,"RobbiMuffe (6)",15,2,32,1,-,0,0,1,0,0,0,0
156585,677221,StrangrohrData,995583,70,400020,4200388787,70,10350900000,1181,32,4058,"DINEN10217-1-Fe -glatt",Nut,Nut,"RobbiMuffe (6)",15,1,32,1,-,0,0,0,0,0,0,0
156586,677222,StrangrohrData,995583,80,400020,4200388787,80,10350900000,1068,50,5998,"DINEN10217-1-Fe -glatt",Nut,Nut,"RobbiMuffe (6)",20,60,50,20,-,0,0,0,0,0,0,0
156586,677223,StrangrohrData,995583,80,400020,4200388787,80,10350900000,1086,50,2290,"DINEN10217-1-Fe -glatt",Nut,Nut,"RobbiMuffe (6)",20,1,50,1,-,0,0,0,0,0,0,0
156586,677224,StrangrohrData,995583,80,400020,4200388787,80,10350900000,1117,50,5818,"DINEN10217-1-Fe -glatt",Nut,Nut,"RobbiMuffe (6)",20,3,50,1,-,0,0,0,0,0,0,0
156586,677225,StrangrohrData,995583,80,400020,4200388787,80,10350900000,1135,50,2312,"DINEN10217-1-Fe -glatt",Nut,Nut,"RobbiMuffe (6)",20,1,50,1,-,0,0,0,0,0,0,0
156586,677226,StrangrohrData,995583,80,400020,4200388787,80,10350900000,1150,50,5260,"DINEN10217-1-Fe -glatt",Nut,Nut,"RobbiMuffe (6)",20,3,50,1,-,0,0,0,0,0,0,0
156586,677227,StrangrohrData,995583,80,400020,4200388787,80,10350900000,1178,50,4718,"DINEN10217-1-Fe -glatt",Nut,Nut,"RobbiMuffe (6)",20,3,50,1,-,0,0,0,0,0,0,0
156587,677228,StrangrohrData,995583,90,400020,4200388787,90,10350900000,1043,32,6091,"DINEN10217-1-Fe -glatt",Scheibe,Nut,"RobbiMuffe (6)",15,18,32,9,-,0,0,9,0,0,0,0
156587,677229,StrangrohrData,995583,90,400020,4200388787,90,10350900000,1045,32,2108,"DINEN10217-1-Fe -glatt",Nut,Nut,"RobbiMuffe (6)",15,1,32,1,-,0,0,0,0,0,0,0
156587,677230,StrangrohrData,995583,90,400020,4200388787,90,10350900000,1046,32,4478,"DINEN10217-1-Fe -glatt",Nut,Nut,"RobbiMuffe (6)",15,23,32,23,-,0,0,0,0,0,0,0
156587,677231,StrangrohrData,995583,90,400020,4200388787,90,10350900000,1047,32,5998,"DINEN10217-1-Fe -glatt",Nut,Nut,"RobbiMuffe (6)",15,176,32,88,-,0,0,0,0,0,0,0
156587,677232,StrangrohrData,995583,90,400020,4200388787,90,10350900000,1048,32,5998,"DINEN10217-1-Fe -glatt",Nut,Nut,"RobbiMuffe (6)",15,93,32,93,-,0,0,0,0,0,0,0
156587,677233,StrangrohrData,995583,90,400020,4200388787,90,10350900000,1051,32,5577,"DINEN10217-1-Fe -glatt",Nut,Nut,"RobbiMuffe (6)",15,2,32,1,-,0,0,0,0,0,0,0
156587,677234,StrangrohrData,995583,90,400020,4200388787,90,10350900000,1055,32,4808,"DINEN10217-1-Fe -glatt",Nut,Nut,"RobbiMuffe (6)",15,2,32,1,-,0,0,0,0,0,0,0
156587,677235,StrangrohrData,995583,90,400020,4200388787,90,10350900000,1059,32,3328,"DINEN10217-1-Fe -glatt",Nut,Nut,"RobbiMuffe (6)",15,2,32,2,-,0,0,0,0,0,0,0
156587,677236,StrangrohrData,995583,90,400020,4200388787,90,10350900000,1062,32,3668,"DINEN10217-1-Fe -glatt",Nut,Nut,"RobbiMuffe (6)",15,4,32,2,-,0,0,0,0,0,0,0
156587,677237,StrangrohrData,995583,90,400020,4200388787,90,10350900000,1067,32,7997,"DINEN10217-1-Fe -glatt",Nut,Nut,"RobbiMuffe (6)",15,24,32,12,-,0,0,0,0,0,0,0
156587,677238,StrangrohrData,995583,90,400020,4200388787,90,10350900000,1084,32,5510,"DINEN10217-1-Fe -glatt",Nut,Nut,"RobbiMuffe (6)",15,1,32,1,-,0,0,0,0,0,0,0
156587,677239,StrangrohrData,995583,90,400020,4200388787,90,10350900000,1085,32,5315,"DINEN10217-1-Fe -glatt",Nut,Nut,"RobbiMuffe (6)",15,1,32,1,-,0,0,0,0,0,0,0
156587,677240,StrangrohrData,995583,90,400020,4200388787,90,10350900000,1089,32,5998,"DINEN10217-1-Fe -glatt",Nut,Nut,"RobbiMuffe (6)",15,21,32,21,-,0,0,0,0,0,0,0
156587,677241,StrangrohrData,995583,90,400020,4200388787,90,10350900000,1090,32,5858,"DINEN10217-1-Fe -glatt",Nut,Nut,"RobbiMuffe (6)",15,1,32,1,-,0,0,0,0,0,0,0
156587,677242,StrangrohrData,995583,90,400020,4200388787,90,10350900000,1093,32,5823,"DINEN10217-1-Fe -glatt",Nut,Nut,"RobbiMuffe (6)",15,4,32,2,-,0,0,0,0,0,0,0
156587,677243,StrangrohrData,995583,90,400020,4200388787,90,10350900000,1095,32,4288,"DINEN10217-1-Fe -glatt",Nut,Nut,"RobbiMuffe (6)",15,7,32,7,-,0,0,0,0,0,0,0
156587,677244,StrangrohrData,995583,90,400020,4200388787,90,10350900000,1108,32,4778,"DINEN10217-1-Fe -glatt",Nut,Nut,"RobbiMuffe (6)",15,1,32,1,-,0,0,0,0,0,0,0
156587,677245,StrangrohrData,995583,90,400020,4200388787,90,10350900000,1110,32,2478,"DINEN10217-1-Fe -glatt",Nut,Nut,"RobbiMuffe (6)",15,1,32,1,-,0,0,0,0,0,0,0
156587,677246,StrangrohrData,995583,90,400020,4200388787,90,10350900000,1112,32,2642,"DINEN10217-1-Fe -glatt",Scheibe,Nut,"RobbiMuffe (6)",15,1,32,1,-,0,0,1,0,0,0,0
156587,677247,StrangrohrData,995583,90,400020,4200388787,90,10350900000,1113,32,3642,"DINEN10217-1-Fe -glatt",Scheibe,Nut,"RobbiMuffe (6)",15,2,32,2,-,0,0,2,0,0,0,0
156587,677248,StrangrohrData,995583,90,400020,4200388787,90,10350900000,1115,32,4599,"DINEN10217-1-Fe -glatt",Nut,Nut,"RobbiMuffe (6)",15,2,32,1,-,0,0,0,0,0,0,0
156587,677249,StrangrohrData,995583,90,400020,4200388787,90,10350900000,1118,32,6086,"DINEN10217-1-Fe -glatt",Nut,Nut,"RobbiMuffe (6)",15,1,32,1,-,0,0,0,0,0,0,0
156588,677250,StrangrohrData,995583,100,400020,4200388787,100,10350900000,1000,32,5998,"DINEN10217-1-Fe -glatt",Nut,Nut,"RobbiMuffe (6)",20,20,32,10,-,0,0,0,0,0,0,0
156588,677251,StrangrohrData,995583,100,400020,4200388787,100,10350900000,1037,32,4478,"DINEN10217-1-Fe -glatt",Nut,Nut,"RobbiMuffe (6)",20,6,32,3,-,0,0,0,0,0,0,0
156588,677252,StrangrohrData,995583,100,400020,4200388787,100,10350900000,1038,32,4142,"DINEN10217-1-Fe -glatt",Scheibe,Nut,"RobbiMuffe (6)",20,4,32,2,-,0,0,2,0,0,0,0
156588,677253,StrangrohrData,995583,100,400020,4200388787,100,10350900000,1039,32,5042,"DINEN10217-1-Fe -glatt",Scheibe,Nut,"RobbiMuffe (6)",20,2,32,1,-,0,0,1,0,0,0,0
156588,677254,StrangrohrData,995583,100,400020,4200388787,100,10350900000,1040,32,5728,"DINEN10217-1-Fe -glatt",Nut,Nut,"RobbiMuffe (6)",20,2,32,1,-,0,0,0,0,0,0,0
156588,677255,StrangrohrData,995583,100,400020,4200388787,100,10350900000,1041,32,5778,"DINEN10217-1-Fe -glatt",Nut,Nut,"RobbiMuffe (6)",20,2,32,1,-,0,0,0,0,0,0,0
156588,677256,StrangrohrData,995583,100,400020,4200388787,100,10350900000,1075,32,2728,"DINEN10217-1-Fe -glatt",Nut,Nut,"RobbiMuffe (6)",20,1,32,1,-,0,0,0,0,0,0,0
156588,677257,StrangrohrData,995583,100,400020,4200388787,100,10350900000,1079,32,3998,"DINEN10217-1-Fe -glatt",Nut,Nut,"RobbiMuffe (6)",20,3,32,3,-,0,0,0,0,0,0,0
156588,677258,StrangrohrData,995583,100,400020,4200388787,100,10350900000,1082,32,2292,"DINEN10217-1-Fe -glatt",Scheibe,Nut,"RobbiMuffe (6)",20,1,32,1,-,0,0,1,0,0,0,0
156591,677326,StrangrohrData,996294,50,400020,4200389167,50,10340540000,TH80,32,2585,"DINEN10217-1-Fe -glatt",Scheibe,Nut,"RobbiMuffe (6)",15,1,32,1,-,0,0,1,0,0,0,0
156591,677327,StrangrohrData,996294,50,400020,4200389167,50,10340540000,TH92,32,1573,"DINEN10217-1-Fe -glatt",Nut,Nut,"RobbiMuffe (6)",15,1,32,1,-,0,0,0,0,0,0,0
156592,677328,StrangrohrData,996294,30,400020,4200389167,30,10340540000,TH82,32,3064,"DINEN10217-1-Fe -glatt",Nut,Nut,"RobbiMuffe (6)",15,2,32,2,-,0,0,0,0,0,0,0
156592,677329,StrangrohrData,996294,30,400020,4200389167,30,10340540000,TH83,32,3064,"DINEN10217-1-Fe -glatt",Nut,Nut,"RobbiMuffe (6)",15,2,32,2,-,0,0,0,0,0,0,0
156592,677330,StrangrohrData,996294,30,400020,4200389167,30,10340540000,TH84,32,3503,"DINEN10217-1-Fe -glatt",Nut,Nut,"RobbiMuffe (6)",15,1,32,1,-,0,0,0,0,0,0,0
156592,677331,StrangrohrData,996294,30,400020,4200389167,30,10340540000,TH85,32,3065,"DINEN10217-1-Fe -glatt",Nut,Nut,"RobbiMuffe (6)",15,2,32,2,-,0,0,0,0,0,0,0
156592,677332,StrangrohrData,996294,30,400020,4200389167,30,10340540000,TH86,32,3065,"DINEN10217-1-Fe -glatt",Nut,Nut,"RobbiMuffe (6)",15,1,32,1,-,0,0,0,0,0,0,0
156592,677333,StrangrohrData,996294,30,400020,4200389167,30,10340540000,TH87,32,1400,"DINEN10217-1-Fe -glatt",Nut,Nut,"RobbiMuffe (6)",15,1,32,1,-,0,0,0,0,0,0,0
156608,677726,StrangrohrData,996841,30,400020,4200389479,30,10335120000,W4,50,7499,"DINEN10217-1-Fe -glatt",Nut,Nut,"RobbiMuffe (6)",20,60,50,20,-,0,0,0,0,0,0,0
156608,677727,StrangrohrData,996841,30,400020,4200389479,30,10335120000,W5,50,6550,"DINEN10217-1-Fe -glatt",Nut,Nut,"RobbiMuffe (6)",20,15,50,5,-,0,0,0,0,0,0,0
156608,677728,StrangrohrData,996841,30,400020,4200389479,30,10335120000,W6,50,7656,"DINEN10217-1-Fe -glatt",Nut,Nut,"RobbiMuffe (6)",20,15,50,5,-,0,0,0,0,0,0,0
156634,678389,StrangrohrData,997158,70,400020,4200389666,70,10335110000,S1,40,3930,"DINEN10217-1-Fe -glatt",Nut,Nut,"RobbiMuffe (6)",15,8,40,4,-,0,0,0,0,0,0,0
156634,678390,StrangrohrData,997158,70,400020,4200389666,70,10335110000,S2,40,3930,"DINEN10217-1-Fe -glatt",Nut,Nut,"RobbiMuffe (6)",15,8,40,4,-,0,0,0,0,0,0,0
156634,678391,StrangrohrData,997158,70,400020,4200389666,70,10335110000,S3,40,4000,"DINEN10217-1-Fe -glatt",Nut,Nut,"RobbiMuffe (6)",15,24,40,12,-,0,0,0,0,0,0,0
156634,678392,StrangrohrData,997158,70,400020,4200389666,70,10335110000,S4,40,4000,"DINEN10217-1-Fe -glatt",Nut,Nut,"RobbiMuffe (6)",15,8,40,4,-,0,0,0,0,0,0,0
156634,678393,StrangrohrData,997158,70,400020,4200389666,70,10335110000,S5,40,2932,"DINEN10217-1-Fe -glatt",Scheibe,Nut,"RobbiMuffe (6)",15,8,40,4,-,0,0,4,0,0,0,0
156634,678394,StrangrohrData,997158,70,400020,4200389666,70,10335110000,S6,40,5187,"DINEN10217-1-Fe -glatt",Scheibe,Nut,"RobbiMuffe (6)",15,12,40,4,-,0,0,4,0,0,0,0
156650,678802,StrangrohrData,997853,30,400020,4200390016,30,10350880000,1,32,4000,"DINEN10255-Fe -glatt Gewinderohr",Nut,Nut,"RobbiMuffe (6)",15,242,32,121,-,0,0,0,0,0,0,0
156650,678803,StrangrohrData,997853,30,400020,4200390016,30,10350880000,2,32,4000,"DINEN10255-Fe -glatt Gewinderohr",Nut,Nut,"RobbiMuffe (6)",15,118,32,118,-,0,0,0,0,0,0,0
156650,678804,StrangrohrData,997853,30,400020,4200390016,30,10350880000,3,32,1755,"DINEN10255-Fe -glatt Gewinderohr",Nut,Nut,"RobbiMuffe (6)",15,24,32,24,-,0,0,0,0,0,0,0
156650,678805,StrangrohrData,997853,30,400020,4200390016,30,10350880000,7,32,3305,"DINEN10255-Fe -glatt Gewinderohr",Nut,Nut,"RobbiMuffe (6)",15,13,32,13,-,0,0,0,0,0,0,0
156650,678806,StrangrohrData,997853,30,400020,4200390016,30,10350880000,9,32,4000,"DINEN10255-Fe -glatt Gewinderohr",Nut,Nut,"RobbiMuffe (6)",15,43,32,43,-,0,0,0,0,0,0,0
156650,678807,StrangrohrData,997853,30,400020,4200390016,30,10350880000,10,32,3755,"DINEN10255-Fe -glatt Gewinderohr",Nut,Nut,"RobbiMuffe (6)",15,8,32,4,-,0,0,0,0,0,0,0
156650,678808,StrangrohrData,997853,30,400020,4200390016,30,10350880000,11,32,1530,"DINEN10255-Fe -glatt Gewinderohr",Nut,Nut,"RobbiMuffe (6)",15,21,32,21,-,0,0,0,0,0,0,0
156650,678809,StrangrohrData,997853,30,400020,4200390016,30,10350880000,15,32,2000,"DINEN10255-Fe -glatt Gewinderohr",Nut,Nut,"RobbiMuffe (6)",15,4,32,4,-,0,0,0,0,0,0,0
156650,678810,StrangrohrData,997853,30,400020,4200390016,30,10350880000,16,32,3530,"DINEN10255-Fe -glatt Gewinderohr",Nut,Nut,"RobbiMuffe (6)",15,19,32,19,-,0,0,0,0,0,0,0
156650,678811,StrangrohrData,997853,30,400020,4200390016,30,10350880000,17,32,1658,"DINEN10255-Fe -glatt Gewinderohr",Nut,Nut,"RobbiMuffe (6)",15,2,32,2,-,0,0,0,0,0,0,0
156650,678812,StrangrohrData,997853,30,400020,4200390016,30,10350880000,23,32,4867,"DINEN10255-Fe -glatt Gewinderohr",Nut,Nut,"RobbiMuffe (6)",15,2,32,1,-,0,0,0,0,0,0,0
156650,678813,StrangrohrData,997853,30,400020,4200390016,30,10350880000,27,32,3588,"DINEN10255-Fe -glatt Gewinderohr",Nut,Nut,"RobbiMuffe (6)",15,1,32,1,-,0,0,0,0,0,0,0
156650,678814,StrangrohrData,997853,30,400020,4200390016,30,10350880000,28,32,4000,"DINEN10255-Fe -glatt Gewinderohr",Nut,Nut,"RobbiMuffe (6)",15,2,32,2,-,0,0,0,0,0,0,0
156650,678815,StrangrohrData,997853,30,400020,4200390016,30,10350880000,29,32,4000,"DINEN10255-Fe -glatt Gewinderohr",Nut,Nut,"RobbiMuffe (6)",15,1,32,1,-,0,0,0,0,0,0,0
156650,678816,StrangrohrData,997853,30,400020,4200390016,30,10350880000,30,32,4000,"DINEN10255-Fe -glatt Gewinderohr",Nut,Nut,"RobbiMuffe (6)",15,4,32,2,-,0,0,0,0,0,0,0
156650,678817,StrangrohrData,997853,30,400020,4200390016,30,10350880000,32,32,2937,"DINEN10255-Fe -glatt Gewinderohr",Nut,Nut,"RobbiMuffe (6)",15,1,32,1,-,0,0,0,0,0,0,0
156653,678938,StrangrohrData,998084,40,400020,4200390125,40,10342600000,7,32,1797,"DINEN10217-1-Fe -glatt",Scheibe,Nut,"RobbiMuffe (6)",15,4,32,4,-,0,0,4,0,0,0,0
156653,678939,StrangrohrData,998084,40,400020,4200390125,40,10342600000,12,32,2676,"DINEN10217-1-Fe -glatt",Nut,Nut,"RobbiMuffe (6)",15,4,32,4,-,0,0,0,0,0,0,0
156653,678940,StrangrohrData,998084,40,400020,4200390125,40,10342600000,17,32,3923,"DINEN10217-1-Fe -glatt",Nut,Nut,"RobbiMuffe (6)",15,4,32,4,-,0,0,0,0,0,0,0
156653,678941,StrangrohrData,998084,40,400020,4200390125,40,10342600000,18,32,3848,"DINEN10217-1-Fe -glatt",Nut,Nut,"RobbiMuffe (6)",15,2,32,2,-,0,0,0,0,0,0,0
156654,678942,StrangrohrData,998084,50,400020,4200390125,50,10342600000,5,32,2186,"DINEN10217-1-Fe -glatt",Nut,Nut,"RobbiMuffe (6)",15,64,32,32,-,0,32,64,0,0,0,0
156654,678943,StrangrohrData,998084,50,400020,4200390125,50,10342600000,6,32,2176,"DINEN10217-1-Fe -glatt",Scheibe,Nut,"RobbiMuffe (6)",15,2,32,2,-,0,2,2,2,0,0,0
156654,678944,StrangrohrData,998084,50,400020,4200390125,50,10342600000,8,32,2176,"DINEN10217-1-Fe -glatt",Scheibe,Nut,"RobbiMuffe (6)",15,2,32,2,-,0,2,2,2,0,0,0
156663,679164,StrangrohrData,998581,10,400020,4200390372,10,10340540000,4PK7,40,9833,"DINEN10217-1-Fe -glatt",Scheibe,Nut,"RobbiMuffe (6)",15,4,40,1,-,1,0,1,0,0,0,0
156663,679165,StrangrohrData,998581,10,400020,4200390372,10,10340540000,4PK8,40,9833,"DINEN10217-1-Fe -glatt",Scheibe,Nut,"RobbiMuffe (6)",15,8,40,2,-,2,0,2,0,0,0,0
156663,679166,StrangrohrData,998581,10,400020,4200390372,10,10340540000,4PK9,40,9317,"DINEN10217-1-Fe -glatt",Nut,Nut,"RobbiMuffe (6)",15,8,40,2,-,2,0,0,0,0,0,0
156663,679167,StrangrohrData,998581,10,400020,4200390372,10,10340540000,4PK10,40,9317,"DINEN10217-1-Fe -glatt",Nut,Nut,"RobbiMuffe (6)",15,16,40,4,-,4,0,0,0,0,0,0
156663,679168,StrangrohrData,998581,10,400020,4200390372,10,10340540000,4PK11,40,9268,"DINEN10217-1-Fe -glatt",Scheibe,Nut,"RobbiMuffe (6)",15,4,40,1,-,1,0,1,0,0,0,0
156663,679169,StrangrohrData,998581,10,400020,4200390372,10,10340540000,4PK12,40,9268,"DINEN10217-1-Fe -glatt",Scheibe,Nut,"RobbiMuffe (6)",15,8,40,2,-,2,0,2,0,0,0,0
156664,679170,StrangrohrData,998581,20,400020,4200390372,20,10340540000,4PKO2,40,9317,"DINEN10217-1-Fe -glatt",Nut,Nut,"RobbiMuffe (6)",15,108,40,27,-,0,0,0,0,0,0,0
156673,679389,StrangrohrData,999256,20,400020,4200390719,20,10346100000,2,32,6007,"DINEN10217-1-Fe -glatt",Nut,Nut,"RobbiMuffe (6)",15,42,32,21,-,0,0,0,0,0,0,0
156673,679390,StrangrohrData,999256,20,400020,4200390719,20,10346100000,3,32,8760,"DINEN10217-1-Fe -glatt",Nut,Nut,"RobbiMuffe (6)",15,21,32,7,-,0,0,0,0,0,0,0
156673,679391,StrangrohrData,999256,20,400020,4200390719,20,10346100000,6,32,6007,"DINEN10217-1-Fe -glatt",Nut,Nut,"RobbiMuffe (6)",15,14,32,7,-,0,0,0,0,0,0,0
156673,679392,StrangrohrData,999256,20,400020,4200390719,20,10346100000,9,32,6006,"DINEN10217-1-Fe -glatt",Nut,Nut,"RobbiMuffe (6)",15,14,32,7,-,0,0,0,0,0,0,0
156677,679424,StrangrohrData,998409,50,400020,4200390289,50,10350980000,S1,50,5798,"DINEN10217-1-Fe -glatt",Nut,Nut,"RobbiMuffe (6)",15,48,50,24,-,0,0,0,0,0,0,0
156677,679425,StrangrohrData,998409,50,400020,4200390289,50,10350980000,S2,50,5800,"DINEN10217-1-Fe -glatt",Nut,Nut,"RobbiMuffe (6)",15,126,50,42,-,0,0,0,0,0,0,0
156677,679426,StrangrohrData,998409,50,400020,4200390289,50,10350980000,S3,50,6499,"DINEN10217-1-Fe -glatt",Nut,Nut,"RobbiMuffe (6)",15,40,50,20,-,0,0,0,0,0,0,0
156677,679427,StrangrohrData,998409,50,400020,4200390289,50,10350980000,S4,50,5488,"DINEN10217-1-Fe -glatt",Nut,Nut,"RobbiMuffe (6)",15,48,50,24,-,0,0,0,0,0,0,0
156677,679428,StrangrohrData,998409,50,400020,4200390289,50,10350980000,S5,50,6000,"DINEN10217-1-Fe -glatt",Nut,Nut,"RobbiMuffe (6)",15,48,50,24,-,0,0,0,0,0,0,0
156677,679429,StrangrohrData,998409,50,400020,4200390289,50,10350980000,S6,50,5541,"DINEN10217-1-Fe -glatt",Nut,Nut,"RobbiMuffe (6)",15,44,50,22,-,0,0,0,0,0,0,0
156677,679430,StrangrohrData,998409,50,400020,4200390289,50,10350980000,S7,50,5340,"DINEN10217-1-Fe -glatt",Scheibe,Nut,"RobbiMuffe (6)",15,4,50,2,-,0,0,2,0,0,0,0
156772,680676,StrangrohrData,998412,410,400020,4200391330,410,10350980000,AKL1A,50,5465,"DINEN10217-1-Fe -glatt",Nut,Nut,"RobbiMuffe (6)",20,6,50,2,-,0,0,0,0,0,0,0
156772,680677,StrangrohrData,998412,410,400020,4200391330,410,10350980000,AKL2A,50,6000,"DINEN10217-1-Fe -glatt",Nut,Nut,"RobbiMuffe (6)",20,12,50,4,-,0,0,0,0,0,0,0
156772,680678,StrangrohrData,998412,410,400020,4200391330,410,10350980000,AKL3A,50,4373,"DINEN10217-1-Fe -glatt",Nut,Nut,"RobbiMuffe (6)",20,4,50,2,-,0,0,0,0,0,0,0
